overall_rank,position_rank,player_name,position,current_team,player_type,fantasy_points_ppr,ppg,composite_score,consistency_score,injury_risk_score,team_context_score,avg_games_per_season,depth_chart_rank
1,1,J.Chase,WR,CIN,veteran,403,23.70588235,5.576724873,0.580272631,0.123859281,0.75,15,10.5
2,1,S.Barkley,RB,PHI,veteran,355.3,22.20625,5.289870303,0.796657684,0.146470588,0.75,14.75,10.5
3,2,J.Gibbs,RB,DET,2nd_year,354.9,20.87647059,5.277196848,0.650605573,0,0.75,17,10.5
4,3,B.Robinson,RB,ATL,2nd_year,341.7,20.1,5.086213063,0.648670434,0,0.645,17,10.5
5,4,D.Henry,RB,BAL,veteran,336.4,19.78823529,5.032770798,0.821421402,0.156786399,0.715,14.5,10.5
6,2,J.Jefferson,WR,MIN,veteran,317.48,18.67529412,4.516986829,0.824051519,0.177058824,0.645,15.25,10.5
7,5,D.Achane,RB,MIA,2nd_year,299.9,17.64117647,4.50357564,0.54212074,0,0.785,17,10.5
8,3,A.St. Brown,WR,DET,veteran,316.18,18.59882353,4.478167617,0.586709941,0.043406484,0.75,16.33333333,10.5
9,6,J.Jacobs,RB,GB,veteran,293.1,17.24117647,4.456816581,0.85056392,0.120712905,0.715,15.5,10.5
10,7,K.Williams,RB,LA,veteran,272.1,17.00625,4.059737237,0.550258751,0.211409982,0.54,14,10.5
11,8,J.Cook,RB,BUF,veteran,266.7,16.66875,4.046975494,0.54314654,0.038146613,0.82,16.5,10.5
12,9,A.Kamara,RB,NO,veteran,265.3,18.95,4.037448781,0.828818254,0.207415276,0.54,13.75,10.5
13,4,D.London,WR,ATL,veteran,280.8,16.51764706,4.025871998,0.634862425,0.038146613,0.645,16.5,10.5
14,5,B.Thomas,WR,JAX,rookie,284,16.70588235,3.987991968,0.674253586,0.5,0.68,5,10.5
15,6,T.McLaurin,WR,WAS,veteran,267.8,15.75294118,3.895331582,0.778754901,0,0.575,17,10.5
16,10,J.Conner,RB,ARI,veteran,253.8,15.8625,3.879968704,0.800944336,0.175882353,0.54,14.25,10.5
17,11,C.Brown,RB,CIN,2nd_year,255,15.9375,3.862268672,0.487042604,0.058823529,0.75,16,10.5
18,7,C.Lamb,WR,DAL,veteran,263.4,17.56,3.857754103,0.819015859,0.060356453,0.785,16.25,10.5
19,8,M.Nabers,WR,NYG,rookie,273.6,18.24,3.838624639,0.695641415,0.5,0.47,12,10.5
20,1,B.Bowers,TE,LV,rookie,262.7,15.45294118,3.797299993,0.661896512,0.5,0.47,12,10.5
21,12,J.Taylor,RB,IND,veteran,246.7,17.62142857,3.769858112,0.812672497,0.292004606,0.61,13,10.5
22,13,J.Mixon,RB,HOU,veteran,240.5,17.17857143,3.728288948,0.816621033,0.117058824,0.68,15.25,10.5
23,14,A.Jones,RB,MIN,veteran,241.6,14.21176471,3.722965788,0.791868144,0.170233512,0.645,15,10.5
24,15,B.Hall,RB,NYJ,veteran,240.9,15.05625,3.719346674,0.737903986,0.038146613,0.575,16.5,10.5
25,9,J.Smith-Njigba,WR,SEA,2nd_year,253,14.88235294,3.686906029,0.678195546,0,0.645,17,10.5
26,16,C.Hubbard,RB,CAR,veteran,241.6,16.10666667,3.663268046,0.602740799,0.144813044,0.47,14.66666667,10.5
27,17,B.Irving,RB,TB,rookie,244.4,14.37647059,3.660790436,0.654252652,0.5,0.645,12,10.5
28,10,G.Wilson,WR,NYJ,veteran,251.9,14.81764706,3.645445192,0.596923625,0,0.575,17,10.5
29,2,T.McBride,TE,ARI,veteran,243.8,15.2375,3.611965358,0.539941025,0.038146613,0.505,16.5,10.5
30,3,G.Kittle,TE,SF,veteran,236.6,15.77333333,3.584997654,0.72472475,0.118909664,0.89,15,10.5
31,18,L.Fournette,RB,BUF,veteran,226.1,14.13125,3.549059152,0.807602741,0.135116756,0.91,15,
32,11,D.Adams,WR,LA,veteran,241.3,17.23571429,3.539090157,0.798739748,0.085116756,0.54,16,30.5
33,12,M.Evans,WR,TB,veteran,240.4,17.17142857,3.529491961,0.779885569,0.104182873,0.645,15.5,10.5
34,13,C.Sutton,WR,DEN,veteran,240.3,15.01875,3.516322459,0.718131851,0.068909664,0.61,16,10.5
35,14,D.Moore,WR,CHI,veteran,238.1,14.00588235,3.508061986,0.771105085,0,0.54,17,10.5
36,15,J.Jeudy,WR,CLE,veteran,240.9,14.17058824,3.502327935,0.724306131,0.150171561,0.54,14.5,10.5
37,19,D.Montgomery,RB,DET,veteran,221.72,15.83714286,3.468313486,0.824811961,0.181720247,0.75,14.25,30.5
38,16,L.McConkey,WR,LAC,rookie,240.9,15.05625,3.43794337,0.676630624,0.5,0.715,5,10.5
39,1,L.Jackson,QB,BAL,veteran,430.38,25.31647059,3.390251864,0.863100197,0.154546511,0.715,14.25,10.5
40,20,D.Swift,RB,CHI,veteran,214.5,12.61764706,3.348432493,0.768713774,0.113729752,0.54,15,10.5
41,4,J.Smith,TE,PIT,veteran,222.3,13.07647059,3.334301326,0.606202022,0.135760358,0.61,14.75,30.5
42,17,T.Hill,WR,MIA,veteran,218.2,12.83529412,3.2778832,0.796053809,0.025294118,0.785,16.75,10.5
43,18,T.Higgins,WR,CIN,veteran,222.1,18.50833333,3.26382091,0.746762025,0.267205124,0.75,13,30.5
44,21,N.Harris,RB,LAC,veteran,204.6,12.03529412,3.236702406,0.700809626,0,0.715,17,10.5
45,19,J.Meyers,WR,LV,veteran,218,14.53333333,3.234968098,0.800728981,0.110356453,0.54,15.25,10.5
46,20,A.Brown,WR,PHI,veteran,216.9,16.68461538,3.233035692,0.794225589,0.146174954,0.75,15,10.5
47,22,T.Pollard,RB,TEN,veteran,200.7,12.54375,3.17364473,0.765375099,0.060086134,0.575,16,10.5
48,21,Z.Flowers,WR,BAL,2nd_year,209.5,12.32352941,3.130099852,0.660113695,0,0.715,17,10.5
49,22,J.Addison,WR,MIN,2nd_year,212.5,14.16666667,3.123044258,0.599723252,0.117647059,0.645,15,30.5
50,23,R.White,RB,TB,veteran,199.6,13.30666667,3.121747319,0.602751128,0.076293226,0.645,16,30.5
51,24,R.Dowdle,RB,CAR,veteran,197.8,12.3625,3.093792681,0.64513864,0.058823529,0.47,16,30.5
52,23,J.Jennings,WR,SF,veteran,210.5,14.03333333,3.078046807,0.53875086,0.207847399,0.785,14,30.5
53,24,N.Collins,WR,HOU,veteran,210.6,17.55,3.070995654,0.609132771,0.285009122,0.68,12.33333333,10
54,5,T.Kelce,TE,KC,veteran,195.4,12.2125,3.070956235,0.79375913,0.077733193,0.96,16,10.5
55,25,J.Williams,WR,DET,veteran,212.2,14.14666667,3.046547629,0.358717177,0.232086898,0.75,13.5,30.5
56,2,J.Allen,QB,BUF,veteran,372.34,23.27125,3.037275393,0.897419079,0.036543739,0.82,16.5,10.5
57,26,P.Nacua,WR,LA,2nd_year,206.6,18.78181818,3.005654757,0.663829111,0.352941176,0.54,11,10.5
58,3,J.Burrow,QB,CIN,veteran,372.82,21.93058824,2.992726324,0.860067614,0.193960473,0.75,14.75,10.5
59,27,J.Reed,WR,GB,2nd_year,197,11.58823529,2.971536718,0.668718301,0,0.715,17,10.5
60,28,D.Smith,WR,PHI,veteran,199.4,15.33846154,2.962392368,0.605480166,0.138459796,0.75,15.33333333,30.5
61,29,C.Ridley,WR,TEN,veteran,199.2,11.71764706,2.958056587,0.757886575,0.250289569,0.575,13,10
62,4,B.Mayfield,QB,TB,veteran,365.8,21.51764706,2.944209782,0.834342569,0.112611344,0.645,15,10.5
63,25,J.Dobbins,RB,DEN,veteran,191.8,14.75384615,2.941919777,0.781036763,0.648969798,0.61,7.333333333,10.5
64,6,M.Andrews,TE,BAL,veteran,188.8,11.10588235,2.932401498,0.753741802,0.195226351,0.785,14.75,10.5
65,26,Z.Charbonnet,RB,SEA,2nd_year,183.7,10.80588235,2.918367405,0.59546962,0,0.645,17,30.5
66,30,D.Metcalf,WR,PIT,veteran,191.2,12.74666667,2.904120832,0.794684458,0.069179982,0.61,16.25,10.5
67,31,D.Mooney,WR,ATL,veteran,193.2,12.075,2.881592612,0.669104931,0.170918104,0.645,14.5,30.5
68,27,K.Walker,RB,SEA,veteran,181.2,16.47272727,2.840147189,0.635139202,0.270233512,0.645,13,10.5
69,32,M.Harrison,WR,ARI,rookie,196.5,11.55882353,2.827536953,0.588433525,0.5,0.54,5,10.5
70,33,K.Allen,WR,LAC,veteran,184.4,12.29333333,2.800629181,0.816881459,0.229741634,0.715,13.5,50.5
71,28,M.Gaskin,RB,BAL,veteran,173.6,10.21176471,2.797728285,0.635822229,0,0.715,17,110.5
72,29,T.Tracy,RB,NYG,rookie,182.3,10.72352941,2.78349179,0.602330797,0.5,0.47,12,10.5
73,5,J.Daniels,QB,WAS,rookie,355.82,20.93058824,2.756884217,0.695084543,0.5,0.575,5,10.5
74,30,Ashton Jeanty,RB,LV,rookie,177.87,12.7204,2.749790323,0.64516129,0.5,0.63,5,
75,31,R.Stevenson,RB,NE,veteran,175.9,11.72666667,2.744439514,0.532357154,0.188930691,0.505,14.66666667,10.5
76,34,X.Worthy,WR,KC,rookie,187.2,11.7,2.742543956,0.614747251,0.5,0.82,5,30.5
77,7,S.LaPorta,TE,DET,2nd_year,174.6,10.9125,2.74094785,0.646280815,0.058823529,0.75,16,10.5
78,35,J.Downs,WR,IND,2nd_year,182.2,13.01428571,2.726942207,0.634659586,0.176470588,0.61,14,30.5
79,8,Z.Ertz,TE,WAS,veteran,177.4,10.43529412,2.725729824,0.720350326,0.325716433,0.575,12.75,10.5
80,36,W.Robinson,WR,NYG,veteran,182.7,10.74705882,2.718988708,0.552989412,0.076293226,0.47,16,30.5
81,37,K.Shakir,WR,BUF,veteran,182.5,12.16666667,2.711991086,0.411826174,0.096970143,0.82,15.5,10.5
82,6,J.Goff,QB,DET,veteran,324.46,19.08588235,2.682758215,0.823230246,0.049411765,0.75,16.25,10.5
83,9,R.Gronkowski,TE,TB,veteran,171.2,14.26666667,2.665298199,0.718327219,0.294117647,0.735,12,
84,38,C.Kupp,WR,SEA,veteran,175,14.58333333,2.652620235,0.804080528,0.314499483,0.645,12.5,30.5
85,39,Q.Johnston,WR,LAC,2nd_year,174.7,11.64666667,2.638186904,0.576293836,0.117647059,0.715,15,30.5
86,7,J.Hurts,QB,PHI,veteran,315.12,21.008,2.626029314,0.884878869,0.091764706,0.75,15.5,10.5
87,10,P.Freiermuth,TE,PIT,veteran,168.3,9.9,2.61742087,0.655789824,0.200483957,0.61,14.33333333,10.5
88,40,R.Bateman,WR,BAL,veteran,174.6,10.9125,2.614451936,0.621708889,0.286662146,0.715,12.33333333,30.5
89,11,T.Kraft,TE,GB,2nd_year,163.3,9.605882353,2.599810318,0.64826885,0,0.715,17,10.5
90,32,B.Robinson,RB,SF,veteran,159.8,11.41428571,2.584861605,0.633717723,0.155793672,0.785,14.5,30.5
91,41,M.Pittman,WR,IND,veteran,165.8,10.3625,2.575332229,0.774236481,0.054705882,0.61,16.25,10.5
92,33,J.Williams,RB,DAL,veteran,157.9,9.288235294,2.534858679,0.644982459,0.290343769,0.785,12.33333333,10.5
93,42,G.Pickens,WR,DAL,veteran,164.4,11.74285714,2.520587552,0.605044936,0.11443984,0.785,15.5,30.5
94,34,K.Hunt,RB,KC,veteran,155.4,11.95384615,2.515125444,0.660188214,0.255062595,0.82,13.25,30.5
95,8,B.Nix,QB,DEN,rookie,317.2,18.65882353,2.501844547,0.714010875,0.5,0.61,5,10.5
96,43,A.Pierce,WR,IND,veteran,161.4,10.0875,2.464460142,0.543786431,0.038146613,0.61,16.5,50.5
97,9,S.Darnold,QB,SEA,veteran,307.96,18.11529412,2.453734536,0.643546133,0.35502527,0.645,11.25,10.5
98,44,J.Tolbert,WR,DAL,veteran,152,8.941176471,2.452268424,1,0.152586453,0.785,15,50.5
99,10,K.Murray,QB,ARI,veteran,297.24,17.48470588,2.438506043,0.882962372,0.312548618,0.54,12.5,10.5
100,35,D.Freeman,RB,BAL,veteran,146.6,9.1625,2.431123814,0.653190443,0.058823529,0.805,16,
101,11,P.Mahomes,QB,KC,veteran,283.02,17.68875,2.429049635,0.907140725,0.045367268,0.82,16.5,10.5
102,45,D.Samuel,WR,WAS,veteran,155.6,11.11428571,2.423819408,0.793397038,0.163006402,0.575,14.5,30.5
103,12,J.Herbert,QB,LAC,veteran,285.4,16.78823529,2.414380093,0.870212396,0.101176471,0.715,16,10.5
104,36,D.Booker,RB,NYG,veteran,144.1,9.00625,2.368937853,0.638810236,0.058823529,0.56,16,
105,46,Emeka Egbuka,WR,GB,rookie,156.4563,10.39395,2.348331,0.625,0.5,0.805,5,
106,12,D.Njoku,TE,CLE,veteran,148.5,13.5,2.347202677,0.662734775,0.211979521,0.54,14,10.5
107,47,J.Waddle,WR,MIA,veteran,149.6,9.973333333,2.343286564,0.670723592,0.131614527,0.785,15.33333333,30.5
108,13,T.Brady,QB,TB,veteran,271.66,15.98,2.341041364,0.862576791,0,0.735,17,
109,48,Travis Hunter,WR,JAX,rookie,155.87,10.355,2.337292857,0.625,0.5,0.77,5,
110,37,J.Ford,RB,CLE,veteran,134,9.571428571,2.308384759,1,0.11443984,0.54,15.5,10.5
111,13,H.Henry,TE,NE,veteran,145.4,9.0875,2.307927369,0.622305844,0.134705882,0.505,15.25,10.5
112,49,D.Douglas,WR,NE,2nd_year,147.7,9.23125,2.303618122,0.66353131,0.058823529,0.505,16,30.5
113,50,D.Hopkins,WR,BAL,veteran,147,9.1875,2.299468064,0.731040324,0.223960083,0.715,13,50.5
114,51,Luther Burden III,WR,NO,rookie,152.867,10.1555,2.284682857,0.625,0.5,0.63,5,
115,52,Tetairoa McMillan,WR,CAR,rookie,153.296,10.184,2.283198571,0.625,0.5,0.56,5,
116,14,M.Gesicki,TE,CIN,veteran,141.5,8.84375,2.277703401,0.557929804,0.069179982,0.75,16.25,10.5
117,38,A.Mattison,RB,MIA,veteran,137.4,9.814285714,2.276627074,0.579809626,0.102308483,0.785,15.75,98.5
118,14,S.Howell,QB,MIN,2nd_year,257.54,15.14941176,2.270141597,1,0,0.645,17,30.5
119,15,C.Otton,TE,TB,veteran,140.6,10.04285714,2.245563946,0.571876916,0.135116756,0.645,15,10.5
120,39,A.Ekeler,RB,WAS,veteran,132.3,11.025,2.231665389,0.832798846,0.19062616,0.575,14.75,10.5
121,15,G.Smith,QB,LV,veteran,266,15.64705882,2.230880667,0.853566493,0.249120453,0.54,13.25,10.5
122,40,T.Etienne,RB,JAX,veteran,130.2,8.68,2.222383923,0.763207101,0.059361987,0.68,16.33333333,10.5
123,16,B.Purdy,QB,SF,veteran,266.86,17.79066667,2.220927186,0.570581953,0.096970143,0.785,15.5,10.5
124,17,A.Rodgers,QB,PIT,veteran,256.58,15.09294118,2.219527078,0.854405046,0.020857464,0.61,16.66666667,10.5
125,16,J.Cook,TE,LAC,veteran,132.4,8.275,2.193569182,0.673969057,0.058823529,0.805,16,
126,53,T.Dell,WR,HOU,2nd_year,140,10,2.189613601,0.627630876,0.176470588,0.68,14,67
127,54,C.Godwin,WR,TB,veteran,137.8,19.68571429,2.187897567,0.843832381,0.29637407,0.645,13.25,30.5
128,55,A.Thielen,WR,CAR,veteran,139.5,13.95,2.179502857,0.729359607,0.217042366,0.47,14.25,30.5
129,56,R.McCloud,WR,ATL,veteran,142.5,8.382352941,2.168181778,0.530435897,0.305350267,0.645,13,50.5
130,57,R.Odunze,WR,CHI,rookie,144.9,8.523529412,2.161720854,0.578883418,0.5,0.54,5,30.5
131,17,K.Pitts,TE,ATL,veteran,131.2,7.717647059,2.129178685,0.61382406,0.146002249,0.645,14.66666667,10.5
132,58,N.Westbrook-Ikhine,WR,MIA,veteran,135.7,10.43846154,2.12238235,0.563377535,0.208381595,0.785,14,70.5
133,59,E.Sanders,WR,BUF,veteran,131.7,9.407142857,2.111673284,0.65072675,0.176470588,0.91,14,
134,41,J.Hill,RB,BAL,veteran,127.1,8.473333333,2.111330758,0.53973052,0.141418449,0.715,14.66666667,30.5
135,42,T.Bigsby,RB,JAX,2nd_year,129,8.6,2.110184302,0.426491218,0.117647059,0.68,15,30.5
136,43,J.Warren,RB,PIT,veteran,124.1,8.273333333,2.106206733,0.6686772,0.071176471,0.61,16,10.5
137,60,R.Doubs,WR,GB,veteran,132.1,10.16153846,2.078373895,0.555850457,0.152586453,0.715,15,50.5
138,44,A.Abdullah,RB,SF,veteran,125.2,9.630769231,2.070622837,0.480106321,0.175882353,0.785,14.25,140
139,18,C.Williams,QB,CHI,rookie,254.54,14.97294118,2.053585832,0.657580542,0.5,0.54,5,10.5
140,61,K.Boutte,WR,NE,2nd_year,121.9,8.126666667,2.044256303,1,0.117647059,0.505,15,70.5
141,62,J.McMillan,WR,TB,rookie,135.4,10.41538462,2.044089006,0.554927452,0.5,0.645,5,70.5
142,18,L.Thomas,TE,WAS,veteran,126.8,7.925,2.038847396,0.639322722,0.347692777,0.665,11.33333333,
143,45,A.Dillon,RB,PHI,veteran,117.6,7.84,2.036523307,0.679037363,0.059361987,0.75,16.33333333,50.5
144,19,T.Conklin,TE,LAC,veteran,121.9,7.61875,2.036016487,0.610082393,0.025294118,0.715,16.75,30.5
145,63,T.Tucker,WR,LV,2nd_year,129.3,7.605882353,2.035807461,0.47751556,0,0.54,17,30.5
146,64,M.Mims,WR,DEN,2nd_year,129.5,8.09375,2.026443346,0.448832209,0.058823529,0.61,16,30.5
147,65,A.Cooper,WR,BUF,veteran,122.7,9.438461538,2.012266322,0.699152683,0.155466386,0.91,15,
148,20,I.Likely,TE,BAL,veteran,123.7,8.246666667,2.008925253,0.513123366,0.193940285,0.785,14,30.5
149,66,A.Lazard,WR,NYJ,veteran,126,10.5,1.988642213,0.636150445,0.23947699,0.575,13.5,50.5
150,67,R.Gage,WR,SF,veteran,123.6,9.507692308,1.986893614,0.665238322,0.235294118,0.785,13,150.5
151,21,C.Kmet,TE,CHI,veteran,120.4,8.6,1.986190168,0.631428462,0.114117647,0.54,15.75,10.5
152,68,T.Lockett,WR,TEN,veteran,121,7.117647059,1.985349386,0.710716567,0.027720209,0.575,16.5,29
153,22,J.Johnson,TE,NO,veteran,122.8,8.186666667,1.985132562,0.567774984,0.19902387,0.54,14,10.5
154,23,D.Schultz,TE,HOU,veteran,118.2,6.952941176,1.982891234,0.646144285,0.073087477,0.68,16,10.5
155,69,S.Diggs,WR,NE,veteran,121.92,15.24,1.981669872,0.843466591,0.236198163,0.505,14.5,10.5
156,70,M.Wilson,WR,ARI,2nd_year,124.5,7.78125,1.979530285,0.546322821,0.058823529,0.54,16,30.5
157,19,J.Love,QB,GB,veteran,233.86,15.59066667,1.968515308,0.703223535,0.36503201,0.715,10.5,10.5
158,71,E.Moore,WR,BUF,veteran,120.9,7.111764706,1.960372588,0.561852003,0.08259492,0.82,15.66666667,70.5
159,20,B.Roethlisberger,QB,PIT,veteran,218.1,13.63125,1.958295693,0.853119869,0.058823529,0.7,16,
160,72,D.Robinson,WR,SF,veteran,123.5,7.264705882,1.949472724,0.542887599,0.263031592,0.785,13.75,70.5
161,21,C.Stroud,QB,HOU,2nd_year,220.38,12.96352941,1.939437809,0.676458776,0,0.68,17,10.5
162,73,A.Iosivas,WR,CIN,2nd_year,119.9,7.052941176,1.934320774,0.470997384,0,0.75,17,50.5
163,24,N.Gray,TE,KC,veteran,113.3,7.08125,1.915879226,0.509412518,0.052230013,0.96,16.33333333,30.5
164,74,X.Legette,WR,CAR,rookie,125.1,8.34,1.914759821,0.637324997,0.5,0.47,12,50.5
165,75,C.Austin,WR,PIT,veteran,120.8,7.105882353,1.91164539,0.481562004,0.11443984,0.61,15.5,30.5
166,76,A.Brown,WR,TB,veteran,121.1,17.3,1.903633992,0.763124204,0.588235294,0.735,7,
167,46,T.Spears,RB,TEN,2nd_year,113.6,9.466666667,1.903522034,0.623018617,0.294117647,0.575,12,30.5
168,47,R.Davis,RB,BUF,rookie,116.1,7.25625,1.899827201,0.538581533,0.5,0.82,5,30.5
169,22,M.Stafford,QB,LA,veteran,214.58,13.41125,1.893315975,0.853406715,0.184102062,0.54,14.25,10.5
170,25,C.Okonkwo,TE,TEN,veteran,113.6,7.1,1.892043087,0.540882739,0.038146613,0.575,16.5,10
171,26,D.Waller,TE,MIA,veteran,113.2,9.433333333,1.883154452,0.75103871,0.423753913,0.785,10.33333333,10.5
172,48,J.Mason,RB,MIN,veteran,115,9.583333333,1.880916067,0.546842088,0.442381364,0.645,9.666666667,30.5
173,49,T.Allgeier,RB,ATL,veteran,106.2,6.247058824,1.868122824,0.621764025,0,0.645,17,30.5
174,77,D.Wicks,WR,GB,2nd_year,110.5,6.5,1.830979269,0.555059933,0,0.715,17,90.5
175,50,A.Gibson,RB,NE,veteran,103.4,6.082352941,1.826461741,0.711915871,0.060086134,0.505,16,50.5
176,78,O.Zaccheaus,WR,CHI,veteran,114.4,7.626666667,1.811123305,0.514036164,0.211214395,0.54,14.25,70.5
177,27,A.Hooper,TE,NE,veteran,108.6,6.388235294,1.808675185,0.511428579,0.051532923,0.505,16.25,30.5
178,28,W.Dissly,TE,LAC,veteran,110.1,7.34,1.806245609,0.478714036,0.227278275,0.715,13.5,10.5
179,51,Jordan James,RB,SF,rookie,107.5305,8.99745,1.800883824,0.588235294,0.5,0.875,5,
180,52,K.Drake,RB,GB,veteran,104.1,8.675,1.790816874,0.598379794,0.294117647,0.805,12,
181,79,D.Slayton,WR,NYG,veteran,110,6.875,1.783719259,0.591283643,0.126936829,0.47,14.75,50.5
182,53,Ollie Gordon II,RB,BUF,rookie,105.987,8.8683,1.783336096,0.588235294,0.5,0.91,5,
183,29,N.Fant,TE,CIN,veteran,104,7.428571429,1.78069948,0.619206679,0.143529412,0.75,15.25,30.5
184,80,K.Coleman,WR,BUF,rookie,111.5,8.576923077,1.772489186,0.627671028,0.5,0.82,5,30.5
185,30,J.Ferguson,TE,DAL,veteran,104.4,7.457142857,1.77185064,0.525314991,0.11443984,0.785,15.5,10.5
186,54,Donovan Edwards,RB,KC,rookie,104.7522,8.76498,1.766497914,0.588235294,0.5,0.91,5,
187,31,D.Goedert,TE,PHI,veteran,103.6,10.36,1.765627903,0.697822442,0.29062616,0.75,12.75,10.5
188,81,J.Palmer,WR,BUF,veteran,107.4,7.16,1.745160948,0.534315873,0.256375817,0.82,13.66666667,50.5
189,32,Tyler Warren,TE,IND,rookie,106.454,7.5888,1.731857632,0.598802395,0.5,0.7,5,
190,33,Colston Loveland,TE,SEA,rookie,105.848,7.5456,1.727318787,0.598802395,0.5,0.735,5,
191,55,J.McLaughlin,RB,DEN,veteran,97.2,6.075,1.717475921,0.554602792,0.038146613,0.61,16.5,50.5
192,56,D.Singletary,RB,NYG,veteran,96.6,6.44,1.716353839,0.656609609,0.060356453,0.47,16.25,30.5
193,34,F.Moreau,TE,NO,veteran,103.3,6.886666667,1.713704987,0.563826274,0.257847399,0.54,13,50.5
194,23,B.Young,QB,CAR,2nd_year,195.02,13.93,1.704273956,0.652492931,0.176470588,0.47,14,10.5
195,82,C.Watson,WR,GB,veteran,105.3,7.521428571,1.687697618,0.543124825,0.367203654,0.715,11.5,70.5
196,83,R.Moore,WR,MIN,veteran,105,6.176470588,1.683872903,0.552147227,0.343319519,0.645,12.5,250.5
197,24,T.Tagovailoa,QB,MIA,veteran,181.58,16.50727273,1.679310553,0.834460078,0.228146377,0.785,13.5,10.5
198,84,D.Vele,WR,NO,rookie,106.5,8.192307692,1.676808722,0.614092032,0.5,0.54,12,70.5
199,85,K.Turpin,WR,DAL,veteran,104.2,6.946666667,1.666775842,0.502997739,0.38593939,0.785,10.66666667,70.5
200,86,T.Atwell,WR,LA,veteran,98.9,6.593333333,1.629994381,0.577885393,0.200241978,0.54,13.66666667,50.5
201,25,K.Cousins,QB,ATL,veteran,176.32,12.59428571,1.615574645,0.828030071,0.28950218,0.645,13.75,30.5
202,87,J.Nailor,WR,MIN,veteran,105,7,1.609391031,0.470406546,0.61355303,0.645,8.5,50.5
203,57,E.Wilson,RB,GB,veteran,96,5.647058824,1.609142457,0.480413679,0.457759358,0.715,11,30.5
204,88,M.Hollins,WR,NE,veteran,98.8,6.175,1.606635055,0.54950254,0.257631474,0.505,13.75,90.5
205,58,I.Guerendo,RB,SF,rookie,96.2,7.4,1.606065983,0.462991205,0.5,0.785,12,50.5
206,59,C.Akers,RB,NO,veteran,93.2,6.213333333,1.60236673,0.59390656,0.355095007,0.54,12.33333333,70.5
207,89,C.Davis,WR,NYJ,veteran,97.6,7.507692308,1.598422516,0.61856595,0.38788057,0.665,11,
208,90,P.Washington,WR,JAX,2nd_year,97,7.461538462,1.595857634,0.511094401,0.235294118,0.68,13,70.5
209,26,R.Wilson,QB,NYG,veteran,172.78,15.70727273,1.593067837,0.855165744,0.227795505,0.47,13.75,10.5
210,91,T.Patrick,WR,DET,veteran,92.4,6.16,1.588397194,0.579164889,0.096970143,0.75,15.5,50.5
211,60,J.Robinson,RB,GB,veteran,88.6,8.054545455,1.587366442,0.627466839,0.290910428,0.805,12.5,
212,61,T.Johnson,RB,BUF,veteran,91.7,5.394117647,1.586821689,0.489724083,0.340319388,0.82,12.25,50.5
213,92,Troy Franklin,WR,LAC,rookie,94.6176,7.31136,1.553262,0.625,0.5,0.805,5,
214,62,L.Murray,RB,BUF,veteran,82.9,5.526666667,1.543991329,0.641205959,0.188823529,0.91,14,
215,93,D.Johnson,WR,CLE,veteran,89.1,8.1,1.535919133,0.733781168,0.235487936,0.54,14.25,70.5
216,94,Tre Harris,WR,DEN,rookie,94.072,7.2692,1.535747143,0.625,0.5,0.7,5,
217,95,Antwane Wells Jr.,WR,BAL,rookie,92.9544,7.18284,1.531878,0.625,0.5,0.805,5,
218,27,D.Maye,QB,NE,rookie,177.14,13.62615385,1.526934769,0.675509172,0.5,0.505,5,10.5
219,63,J.McKinnon,RB,KC,veteran,84.36,7.03,1.526797124,0.591145716,0.311764706,0.91,12,
220,96,Xavier Worthy,WR,CIN,rookie,92.224,7.1264,1.525987143,0.625,0.5,0.84,5,
221,97,J.Coker,WR,CAR,veteran,92.56,8.414545455,1.524827644,0.633434944,0.352941176,0.47,11,70.5
222,64,S.Perine,RB,CIN,veteran,81.4,4.788235294,1.51247483,0.544066835,0.042709394,0.75,16.25,30.5
223,65,E.Benjamin,RB,NO,veteran,89.6,7.466666667,1.512078763,0.496922894,0.484850713,0.63,9.5,
224,98,Elic Ayomanor,WR,HOU,rookie,91.168,7.0448,1.50541,0.625,0.5,0.77,5,
225,99,R.Pearsall,WR,SF,rookie,93.5,9.35,1.503704144,0.492245148,0.5,0.785,5,50.5
226,66,N.Hines,RB,LAC,veteran,81.4,5.0875,1.501622257,0.511006318,0.038146613,0.715,16.5,110.5
227,67,D.Jackson,RB,DET,veteran,84.5,7.041666667,1.498060166,0.518443871,0.294117647,0.75,12,110.5
228,100,M.Gallup,WR,WAS,veteran,87.8,5.4875,1.492280871,0.619326242,0.244539163,0.575,13,130.5
229,101,G.Dortch,WR,ARI,veteran,90.3,5.311764706,1.488625804,0.54584281,0.314174493,0.54,12.33333333,70.5
230,28,M.Ryan,QB,IND,veteran,155.28,12.94,1.482729651,0.769350719,0.190733066,0.7,14.5,
231,68,Z.Moss,RB,CIN,veteran,81.9,10.2375,1.482159513,0.601538626,0.345216629,0.84,12,
232,102,M.Thomas,WR,NO,veteran,89.8,8.98,1.474384296,0.770284267,0.678790998,0.63,6.5,
233,29,A.Richardson,QB,IND,2nd_year,163.36,14.85090909,1.462762627,0.634924749,0.352941176,0.61,11,30.5
234,30,D.Carr,QB,NO,veteran,150.9,15.09,1.462436549,0.839206194,0.195226351,0.63,14.75,
235,69,B.Allen,RB,NYJ,rookie,85.2,5.011764706,1.44349153,0.496693392,0.5,0.575,5,30.5
236,70,M.Sanders,RB,DAL,veteran,77.3,7.027272727,1.442766331,0.618029842,0.221660192,0.785,14,30.5
237,31,Cam Ward,QB,TEN,rookie,163.95,13.6625,1.435656837,0.606060606,0.5,0.665,5,
238,103,M.Valdes-Scantling,WR,SEA,veteran,84.5,6.5,1.433986075,0.485326247,0.191370289,0.645,14.25,70.5
239,104,N.Brown,WR,WAS,veteran,86.3,7.845454545,1.431148158,0.56347354,0.383958276,0.575,11.25,50.5
240,105,T.Boyd,WR,TEN,veteran,78.3,5.22,1.425987985,0.666222528,0.068909664,0.665,16,
241,106,H.Ruggs,WR,LV,veteran,84.5,12.07142857,1.424890209,0.772434787,0.588235294,0.63,7,
242,107,A.Humphries,WR,WAS,veteran,79.3,4.664705882,1.416785675,0.522856987,0,0.665,17,
243,108,R.Shaheed,WR,NO,veteran,81.8,13.63333333,1.395549873,0.704296503,0.431192693,0.54,10.66666667,30.5
244,71,R.Johnson,RB,CHI,2nd_year,77.4,6.45,1.393643329,0.57204925,0.294117647,0.54,12,30.5
245,32,T.Lawrence,QB,JAX,veteran,145.7,14.57,1.382692059,0.667567767,0.227159637,0.68,14.33333333,10.5
246,33,J.Browning,QB,CIN,veteran,144.44,16.04888889,1.370940916,0.821663588,0.470588235,0.75,9,30.5
247,72,D.Hilliard,RB,TEN,veteran,77.2,7.018181818,1.366250928,0.592516725,0.505527629,0.665,9,
248,73,R.Mostert,RB,LV,veteran,70.9,5.908333333,1.35569004,0.697314094,0.197283325,0.54,14.33333333,30.5
249,109,D.Moore,WR,CAR,veteran,85.1,6.078571429,1.350725215,0.423644225,0.481643494,0.47,10,110.5
250,110,C.Olave,WR,NO,veteran,76.7,9.5875,1.349189969,0.727385594,0.363996435,0.54,12,10.5
251,74,R.Burkhead,RB,HOU,veteran,71.4,4.76,1.344512595,0.500139863,0.155793672,0.77,14.5,
252,111,S.Shepard,WR,TB,veteran,80.3,6.176923077,1.333106995,0.552813476,0.510124729,0.645,8.25,130.5
253,112,C.Tillman,WR,CLE,2nd_year,80.4,8.933333333,1.331368827,0.551088755,0.470588235,0.54,9,30.5
254,113,C.Kirk,WR,HOU,veteran,70.9,8.8625,1.298089425,0.731265809,0.321492281,0.68,13.5,29
255,75,K.Mitchell,RB,BAL,veteran,69.9,9.985714286,1.290712943,0.734712734,0.588235294,0.715,7,50.5
256,114,D.Parker,WR,NE,veteran,72.4,5.569230769,1.277745017,0.620319333,0.338459796,0.595,11.33333333,
257,115,B.Cooks,WR,NO,veteran,69.6,6.96,1.277656399,0.707111334,0.239892887,0.54,13.75,50.5
258,34,D.Jones,QB,IND,veteran,135.3,13.53,1.276581606,0.746571231,0.466983964,0.61,10.75,10.5
259,76,A.Collins,RB,SEA,veteran,68.8,6.254545455,1.268969885,0.51150521,0.352941176,0.735,11,
260,77,G.Edwards,RB,LAC,veteran,64.1,5.827272727,1.241623485,0.585352252,0.296527434,0.805,12.33333333,
261,78,K.Gainwell,RB,PIT,veteran,62.6,3.9125,1.233694151,0.51801516,0.052230013,0.61,16.33333333,50.5
262,116,C.Rogers,WR,TEN,veteran,67,4.1875,1.231900916,0.462948203,0.058823529,0.665,16,
263,79,E.Elliott,RB,DAL,veteran,57.5,3.833333333,1.230535664,0.694249002,0.073087477,0.875,16,
264,117,J.Washington,WR,DAL,veteran,65.8,4.386666667,1.226104083,0.46453398,0.117647059,0.875,15,
265,80,S.Tucker,RB,TB,veteran,68.7,6.245454545,1.22581246,0.380330054,0.352941176,0.645,11,50.5
266,35,D.Prescott,QB,DAL,veteran,116.52,14.565,1.223315676,0.829715694,0.284631023,0.785,13.25,10.5
267,118,C.Moore,WR,WAS,veteran,68.3,4.553333333,1.218650624,0.542950513,0.263649308,0.575,12.66666667,170.5
268,81,N.Chubb,RB,HOU,veteran,63.3,7.9125,1.213323995,0.786071492,0.571878479,0.68,10.25,30.5
269,119,B.Aiyuk,WR,SF,veteran,62.4,8.914285714,1.212836876,0.751027579,0.278528665,0.785,14,10.5
270,120,B.Johnson,WR,PIT,veteran,73.4,7.34,1.211788647,0.540812952,0.640644385,0.61,7,130.5
271,82,J.McNichols,RB,WAS,veteran,63.8,4.557142857,1.204365155,0.47915438,0.214617201,0.575,13.5,50.5
272,121,D.Brown,WR,JAX,veteran,67.4,4.493333333,1.199735485,0.519838958,0.323978415,0.68,11.66666667,50.5
273,122,C.Samuel,WR,BUF,veteran,63.7,4.55,1.194397994,0.58771985,0.267659845,0.82,13,90.5
274,35,D.Kincaid,TE,BUF,2nd_year,100.8,7.753846154,1.192662718,0.621715732,0.235294118,0.82,13,10.5
275,123,D.Amendola,WR,HOU,veteran,68.8,8.6,1.180576396,0.499549282,0.529411765,0.77,8,
276,124,V.Jefferson,WR,TEN,veteran,63.6,4.24,1.17780253,0.573563484,0.204013133,0.575,14,48
277,36,J.Winston,QB,NYG,veteran,131.14,11.92181818,1.174711366,0.625236153,0.61287341,0.47,6.75,50.5
278,125,J.Watson,WR,HOU,veteran,62.9,4.193333333,1.171290655,0.461873497,0.104460026,0.68,15.66666667,124
279,37,Z.Wilson,QB,MIA,veteran,119.94,9.995,1.170852337,0.625747408,0.408557487,0.785,10.5,30.5
280,83,J.Howard,RB,NO,veteran,62.5,8.928571429,1.169058456,0.685731151,0.588235294,0.63,7,
281,126,K.Bourne,WR,NE,veteran,65.1,5.425,1.166824681,0.580297659,0.32874867,0.505,13.25,110.5
282,127,A.Green,WR,ARI,veteran,61.6,4.738461538,1.166283893,0.583746267,0.173263369,0.63,14.5,
283,38,W.Levis,QB,TEN,2nd_year,119.94,9.995,1.164358961,0.59222203,0.294117647,0.575,12,70.5
284,128,T.Franklin,WR,DEN,rookie,67.1,4.19375,1.16245563,0.554965376,0.5,0.61,5,50.5
285,84,J.Kelley,RB,TEN,veteran,61.7,3.629411765,1.155359756,0.423566084,0.291977007,0.665,12.33333333,
286,39,J.Fields,QB,NYJ,veteran,119.14,11.914,1.153335995,0.57991254,0.30657775,0.575,12.66666667,10.5
287,85,D.Williams,RB,ARI,veteran,60.7,6.07,1.134245793,0.503485846,0.411764706,0.63,10,
288,129,R.Rice,WR,KC,2nd_year,64.9,21.63333333,1.125447747,0.69490023,0.823529412,0.82,3,10.5
289,130,S.Smith,WR,CAR,2nd_year,61.6,4.106666667,1.122567373,0.392387137,0.117647059,0.56,15,
290,86,I.Pacheco,RB,KC,veteran,56.9,8.128571429,1.118441391,0.596926705,0.44349688,0.82,10.5,10.5
291,131,I.Hodgins,WR,SF,veteran,60,4.285714286,1.117951787,0.565855786,0.367203654,0.785,11.5,210.5
292,132,L.Humphrey,WR,NYG,veteran,64.3,4.592857143,1.116431563,0.477731653,0.383578182,0.47,10.66666667,90.5
293,133,T.Johnson,WR,NYJ,veteran,61.1,5.554545455,1.116033982,0.508037023,0.270233512,0.575,13,70.5
294,134,J.Landry,WR,NO,veteran,60.2,6.688888889,1.114871682,0.638332719,0.408557487,0.63,10.5,
295,87,G.Bernard,RB,TB,veteran,59.1,5.91,1.113871475,0.4672613,0.411764706,0.735,10,
296,88,D.Johnson,RB,BUF,veteran,59.1,11.82,1.105259395,0.598107099,0.705882353,0.91,5,
297,36,E.Engram,TE,DEN,veteran,89.5,9.944444444,1.103378148,0.696337867,0.220296892,0.61,14.5,10.5
298,135,K.Raymond,WR,DET,veteran,56.5,5.65,1.103291278,0.562619204,0.193960473,0.75,14.75,70.5
299,89,J.McKissic,RB,WAS,veteran,55.8,6.975,1.101697773,0.671059539,0.467381016,0.665,9.5,
300,136,B.Berrios,WR,HOU,veteran,57.9,4.453846154,1.097506242,0.481917919,0.177009046,0.68,14.33333333,143
301,90,Z.Knight,RB,ARI,veteran,59,8.428571429,1.093967801,0.612277619,0.588235294,0.54,7,110.5
302,91,J.Patterson,RB,LAC,veteran,55.9,3.992857143,1.091165186,0.370746305,0.176470588,0.715,14,90.5
303,37,T.Hockenson,TE,MIN,veteran,86.5,8.65,1.083903999,0.733263795,0.261936267,0.645,13.5,10.5
304,92,Carson Steele,RB,LAR,rookie,55.52524763,5.552524763,1.077721291,0.588235294,0.5,0.735,5,
305,137,A.Perry,WR,DEN,rookie,60.6,7.575,1.076168119,0.544101049,0.5,0.61,6,110.5
306,138,M.Williams,WR,PIT,veteran,56.8,4.369230769,1.075729159,0.674365345,0.465739456,0.7,11.25,
307,38,J.Akins,TE,CLE,veteran,91,5.6875,1.07461653,0.501458641,0.190200341,0.63,14,
308,139,G.Davis,WR,JAX,veteran,53.9,5.988888889,1.069031822,0.598354491,0.252784003,0.77,13.75,
309,93,D.Gore,RB,WAS,veteran,56.1,7.0125,1.068731683,0.572456143,0.529411765,0.665,8,
310,140,R.Higgins,WR,CLE,veteran,57.5,4.791666667,1.067672539,0.496841418,0.294117647,0.63,12,
311,94,E.Demercado,RB,ARI,veteran,54.7,4.207692308,1.06202035,0.497714913,0.311587344,0.54,12,50.5
312,39,B.Strange,TE,JAX,2nd_year,91.1,6.507142857,1.055788797,0.391980203,0.176470588,0.68,14,10.5
313,95,C.McCaffrey,RB,SF,veteran,47.8,11.95,1.05390245,0.85485263,0.450644444,0.785,11,10.5
314,141,S.Moore,WR,SF,2nd_year,53.7,4.130769231,1.050646673,0.515107702,0.235294118,0.785,13,110.5
315,142,M.Washington,WR,MIA,rookie,56.8,4.733333333,1.049110775,0.561300243,0.5,0.785,5,50.5
316,96,D.Ogunbowale,RB,HOU,veteran,56,3.733333333,1.048501314,0.409875686,0.428019856,0.68,10.5,70.5
317,97,Braelon Allen,RB,TEN,rookie,53.86617315,5.386617315,1.048097548,0.588235294,0.5,0.665,5,
318,40,T.Hill,QB,NO,veteran,102.34,12.7925,1.043021116,0.605690459,0.300249339,0.54,13,30.5
319,98,J.Jackson,RB,DET,veteran,51.1,4.258333333,1.041577104,0.461788273,0.273440731,0.84,12.5,
320,41,C.Rush,QB,BAL,veteran,109.56,9.13,1.038732855,0.524703849,0.55404988,0.715,7.75,30.5
321,143,K.Hinton,WR,DEN,veteran,56.4,5.127272727,1.037489016,0.482254869,0.39108779,0.7,10.5,
322,144,A.Wesley,WR,ARI,veteran,57.8,7.225,1.034600361,0.537359425,0.529411765,0.63,8,
323,42,M.Jones,QB,SF,veteran,96.08,9.608,1.030288557,0.675280335,0.360028423,0.785,11.66666667,30.5
324,145,J.Metchie,WR,PHI,veteran,55.4,5.54,1.025307061,0.415331021,0.329057041,0.75,12,70.5
325,99,M.Ingram,RB,NO,veteran,50.1,5.01,1.024302089,0.575726718,0.329057041,0.63,12,
326,100,R.Penny,RB,PHI,veteran,52.2,10.44,1.023518531,0.592799615,0.602497772,0.84,7.5,
327,146,J.Smith-Schuster,WR,KC,veteran,53.1,4.827272727,1.022910631,0.567844203,0.418823529,0.82,10.75,70.5
328,101,Will Shipley,RB,MIN,rookie,51.21594426,5.121594426,1.018958063,0.588235294,0.5,0.735,5,
329,43,G.Minshew,QB,KC,veteran,96.32,9.632,1.016985829,0.707313347,0.492263686,0.82,8.5,30.5
330,102,T.Sermon,RB,PIT,veteran,53.8,3.842857143,1.015728421,0.540823702,0.570569343,0.61,7.666666667,70.5
331,147,T.Austin,WR,JAX,veteran,53.4,4.854545455,1.011653861,0.474682671,0.352941176,0.77,11,
332,148,T.Smith,WR,NO,veteran,52.8,5.866666667,1.001260582,0.597542811,0.449911319,0.63,9.5,
333,149,N.Agholor,WR,BAL,veteran,49.1,3.776923077,1.001217266,0.496043582,0.172896718,0.805,14.25,
334,40,J.Doyle,TE,IND,veteran,79.2,5.28,0.997694271,0.483403676,0.117647059,0.7,15,
335,150,K.Toney,WR,CLE,veteran,53,4.076923077,0.995310611,0.513832614,0.38788057,0.63,11,
336,151,D.Byrd,WR,ATL,veteran,51.8,4.316666667,0.988490858,0.461774839,0.33226426,0.735,11.5,
337,103,E.Mitchell,RB,KC,veteran,47.5,4.318181818,0.987966944,0.698415371,0.581820856,0.82,8,50.5
338,152,J.Whittington,WR,LA,rookie,52.5,8.75,0.980845828,0.607383314,0.5,0.54,5,70.5
339,44,J.Flacco,QB,CLE,veteran,99.04,14.14857143,0.979256934,0.779614742,0.723995652,0.54,4.75,10.5
340,153,C.Wilson,WR,NO,veteran,51.94,5.194,0.978861587,0.539006435,0.388450109,0.54,11,90.5
341,154,H.Renfrow,WR,CAR,veteran,48.5,3.730769231,0.977797601,0.662041747,0.291421319,0.47,13.33333333,90.5
342,104,D.Cook,RB,DAL,veteran,40.2,2.871428571,0.971486555,0.661829922,0.148263717,0.875,14.66666667,
343,155,A.Mitchell,WR,IND,rookie,53.76,3.162352941,0.966814485,0.458457939,0.5,0.61,5,70.5
344,105,C.Carson,RB,SEA,veteran,48.1,12.025,0.965155854,0.754751757,0.764705882,0.735,4,
345,106,A.Estime,RB,DEN,rookie,48.7,3.746153846,0.957836541,0.530982528,0.5,0.61,12,70.5
346,107,P.Barber,RB,LV,veteran,49.9,5.544444444,0.953927283,0.418361539,0.470588235,0.63,9,
347,156,T.Sharpe,WR,ATL,veteran,48,3.428571429,0.953775565,0.393707304,0.176470588,0.735,14,
348,108,D.Pierce,RB,HOU,veteran,43.5,4.833333333,0.949909284,0.665214319,0.38788057,0.68,11,50.5
349,45,A.O'Connell,QB,LV,2nd_year,93.48,10.38666667,0.949821789,0.610757568,0.470588235,0.54,9,30.5
350,109,M.Breida,RB,NYG,veteran,46.9,3.126666667,0.94816543,0.408654753,0.247718562,0.56,13,
351,46,M.Rudolph,QB,PIT,veteran,95.8,11.975,0.948055931,0.727721811,0.739699643,0.61,4.666666667,30.5
352,157,Q.Cephus,WR,HOU,veteran,49.4,9.88,0.945627125,0.734642955,0.705882353,0.68,5,162
353,110,C.Hyde,RB,JAX,veteran,45.8,4.163636364,0.943267559,0.449241357,0.352941176,0.77,11,
354,158,A.Wilson,WR,MIA,veteran,48,4.8,0.941177419,0.475550011,0.411764706,0.875,10,
355,47,R.Tannehill,QB,TEN,veteran,80.04,8.893333333,0.940893045,0.789500987,0.343061072,0.665,12.66666667,
356,159,J.Dotson,WR,PHI,veteran,41.9,2.992857143,0.937633435,0.587228469,0.11443984,0.75,15.5,50.5
357,41,A.Barner,TE,SEA,rookie,78.5,5.607142857,0.935548293,0.584988021,0.5,0.645,5,10.5
358,160,Jacob Cowing,WR,WAS,rookie,47.62598061,4.348459099,0.935084036,0.625,0.5,0.665,5,
359,111,C.Huntley,RB,ATL,veteran,44.9,3.741666667,0.933757618,0.42723368,0.294117647,0.735,12,
360,161,S.Watkins,WR,BAL,veteran,46.5,5.166666667,0.933364692,0.563417719,0.429234403,0.805,10,
361,162,D.Bell,WR,CLE,2nd_year,48.7,5.411111111,0.932365726,0.585362062,0.470588235,0.54,9,110.5
362,42,D.Parham,TE,PIT,veteran,79.5,6.115384615,0.930734333,0.510799356,0.453630226,0.61,10.33333333,110.5
363,112,D.Henderson,RB,LA,veteran,43.5,10.875,0.928940308,0.747863752,0.571037238,0.63,8.666666667,
364,163,J.Brooks,WR,DAL,2nd_year,35.7,2.975,0.928676471,1,0.294117647,0.785,12,150.5
365,164,A.Rodgers,WR,IND,2nd_year,43.1,4.788888889,0.927542796,0.790070342,0.470588235,0.7,9,
366,113,T.Benson,RB,ARI,rookie,47,3.916666667,0.922427383,0.510073169,0.5,0.54,5,30.5
367,165,P.Dorsett,WR,LV,veteran,51.7,3.692857143,0.918244238,0.413951894,0.519790107,0.54,9.5,150.5
368,166,B.Zylstra,WR,CAR,veteran,49,5.444444444,0.917772273,0.503559679,0.470588235,0.56,9,
369,167,Johnny Wilson,WR,NYJ,rookie,46.02508654,4.20229051,0.914501113,0.625,0.5,0.665,5,
370,168,D.Harty,WR,BUF,veteran,42,3.5,0.913137228,0.547301498,0.273440731,0.91,12.5,
371,169,D.Turner,WR,LV,veteran,47.1,4.71,0.907177429,0.483835767,0.411764706,0.63,10,
372,114,I.Davis,RB,NYJ,rookie,45.9,5.1,0.905780863,0.489487089,0.5,0.575,5,50.5
373,115,C.Edmonds,RB,TB,veteran,39.7,3.053846154,0.90392811,0.561179158,0.256151582,0.735,12.66666667,
374,48,C.Newton,QB,CAR,veteran,86.36,12.33714286,0.897612143,0.68218384,0.588235294,0.56,7,
375,43,R.Seals-Jones,TE,WAS,veteran,69.1,6.281818182,0.884242177,0.553384377,0.352941176,0.665,11,
376,170,C.Grayson,WR,TB,veteran,44.6,14.86666667,0.882222689,0.8,0.823529412,0.735,3,
377,44,J.Woods,TE,IND,rookie,74.2,6.183333333,0.881991769,0.521661062,0.5,0.61,14.5,90.5
378,116,C.Patterson,RB,PIT,veteran,37.5,2.884615385,0.877646056,0.581069944,0.244925334,0.7,13.5,
379,117,R.Freeman,RB,CHI,veteran,46.2,5.133333333,0.876981073,0.452261506,0.600421516,0.54,8,110.5
380,118,J.Williams,RB,NO,veteran,37.1,2.853846154,0.866067547,0.563692646,0.218823529,0.63,14,
381,119,T.Goodson,RB,IND,veteran,44.4,4.933333333,0.861135165,0.446744939,0.585028075,0.61,7.5,30.5
382,171,Malachi Corley,WR,CAR,rookie,42.36925733,3.868497408,0.856997594,0.625,0.5,0.56,5,
383,49,D.Watson,QB,CLE,veteran,76.72,10.96,0.855619927,0.819802399,0.631641778,0.54,6.333333333,110
384,45,J.Sanders,TE,CAR,rookie,73.2,4.88,0.853406477,0.523156902,0.5,0.4,12,30.5
385,46,D.Knox,TE,BUF,veteran,59.1,4.221428571,0.85228695,0.608987668,0.261758823,0.82,13.5,30.5
386,120,C.Brooks,RB,GB,veteran,42.2,3.836363636,0.851307993,0.543905056,0.658114082,0.715,7,70.5
387,172,M.Turner,WR,SF,veteran,44.9,6.414285714,0.851138165,0.45199804,0.588235294,0.785,7,230.5
388,50,Jaxson Dart,QB,PHI,rookie,77.1834,9.647925,0.849045554,0.555555556,0.5,0.84,5,
389,173,R.Woods,WR,PIT,veteran,38.3,3.191666667,0.84804158,0.614633116,0.295226351,0.61,12.75,50.5
390,174,D.Davis,WR,LAC,2nd_year,40.1,3.645454545,0.846179653,0.518785838,0.352941176,0.715,11,110.5
391,121,T.Williams,RB,ARI,veteran,41.9,5.985714286,0.841179565,0.497851951,0.588235294,0.63,7,
392,47,T.Johnson,TE,NYG,rookie,68.1,6.81,0.840319015,0.633175796,0.5,0.4,5,10.5
393,48,Ja'Tavion Sanders,TE,DET,rookie,63.4578,5.25168,0.838777225,0.598802395,0.5,0.84,5,
394,122,S.Ahmed,RB,IND,veteran,42.9,6.128571429,0.835897774,0.430443229,0.588565163,0.61,8,144
395,175,A.Erickson,WR,LAC,veteran,45.2,5.65,0.834362155,0.436475767,0.681998217,0.805,6,
396,176,I.Ford,WR,MIA,veteran,40.1,4.01,0.832890283,0.448687181,0.411764706,0.875,10,
397,177,J.Agnew,WR,ATL,veteran,40.3,5.0375,0.8319243,0.533206817,0.420101307,0.645,10.33333333,130.5
398,123,T.Chandler,RB,MIN,veteran,28.4,2.84,0.831825936,1,0.349733957,0.645,11.5,70.5
399,49,C.Parkinson,TE,LA,veteran,65.4,4.36,0.830370632,0.469694532,0.30794043,0.54,12,50.5
400,178,M.Callaway,WR,LV,veteran,37.8,3.78,0.829797731,0.572811959,0.267026292,0.54,13.5,170.5
401,50,J.Whyle,TE,TEN,2nd_year,60.8,4.342857143,0.827876724,0.486993264,0.176470588,0.575,14,48
402,51,Brant Kuithe,TE,BAL,rookie,61.6308,5.10048,0.827735671,0.598802395,0.5,0.875,5,
403,51,B.Zappe,QB,KC,2nd_year,69.18,6.918,0.826891372,0.622586234,0.411764706,0.82,10,50.5
404,124,A.Williams,RB,PHI,2nd_year,36,2.571428571,0.826783146,0.384672692,0.176470588,0.75,14,170.5
405,179,J.Reynolds,WR,NYJ,veteran,38.4,4.8,0.823021898,0.572749816,0.356899209,0.575,11.5,30.5
406,52,D.Lock,QB,SEA,veteran,80.14,11.44857143,0.821761691,0.594581747,0.688477272,0.645,5.666666667,30.5
407,52,J.Oliver,TE,MIN,veteran,65.8,5.981818182,0.821704599,0.410463706,0.34565057,0.645,11.25,30.5
408,125,D.Johnson,RB,BAL,veteran,35.9,2.991666667,0.819704363,0.432928842,0.24786651,0.715,13,90.5
409,180,J.Grant,WR,CHI,veteran,43.5,6.214285714,0.818336487,0.454791325,0.588235294,0.63,7,
410,181,J.Ross,WR,PHI,veteran,41,4.555555556,0.816152518,0.396509231,0.470588235,0.84,9,
411,126,L.Bell,RB,TB,veteran,38.1,4.7625,0.812157811,0.499978837,0.529411765,0.735,8,
412,127,H.Haskins,RB,LAC,veteran,32.8,2.981818182,0.812077418,0.655571704,0.352941176,0.715,11,70.5
413,182,J.Mingo,WR,DAL,2nd_year,32.2,2.3,0.809875366,0.610677936,0.176470588,0.785,14,90.5
414,53,E.Stick,QB,ATL,veteran,67.56,13.512,0.796244969,0.849468685,0.705882353,0.645,5,50.5
415,183,J.Jones,WR,PHI,veteran,36.4,4.55,0.795812067,0.552149622,0.471126693,0.84,9.333333333,
416,128,M.Carter,RB,ARI,veteran,35.8,11.93333333,0.794274683,0.579470005,0.463873181,0.54,11.33333333,90.5
417,54,Drew Allar,QB,CHI,rookie,72.08,9.01,0.793255847,0.555555556,0.5,0.63,5,
418,129,P.Strong,RB,CLE,veteran,35.2,3.2,0.792581628,0.483596387,0.311587344,0.54,12,70.5
419,55,S.Rattler,QB,NO,rookie,67.28,9.611428571,0.79026176,0.710464967,0.5,0.54,12,10.5
420,184,T.Palmer,WR,TB,2nd_year,35.2,3.52,0.783952288,0.5969352,0.411764706,0.645,10,90.5
421,130,E.Penny,RB,NYG,veteran,35.9,3.263636364,0.779723415,0.419064784,0.352941176,0.56,11,
422,131,M.Mack,RB,DEN,veteran,38.3,7.66,0.76913833,0.472168295,0.705882353,0.7,5,
423,185,I.Smith-Marsette,WR,NYG,veteran,32.5,4.642857143,0.766692793,1,0.740821747,0.47,5,110.5
424,132,M.Davis,RB,DAL,veteran,34.4,5.733333333,0.766686049,0.59402762,0.647058824,0.785,6,109
425,53,T.Tremble,TE,CAR,veteran,56.4,5.64,0.764609307,0.554774268,0.314930384,0.4,12.33333333,10.5
426,186,Q.Watkins,WR,ARI,veteran,35.2,7.04,0.761523425,0.520117739,0.37538719,0.54,12.66666667,227
427,133,B.Corum,RB,LA,rookie,33.5,2.392857143,0.76023649,0.597673233,0.5,0.54,5,30.5
428,134,D.Foreman,RB,CLE,veteran,32.6,3.26,0.760142904,0.547188167,0.420997962,0.63,11,
429,54,G.Calcaterra,TE,PHI,veteran,59.8,4.6,0.756312687,0.545323141,0.654906863,0.75,7.5,30.5
430,55,L.Schoonmaker,TE,DAL,2nd_year,57.1,5.71,0.755644999,0.420098588,0.411764706,0.785,10,30.5
431,187,L.McCaffrey,WR,WAS,rookie,34.8,2.9,0.752221919,0.589173389,0.5,0.575,12,70.5
432,56,D.Washington,TE,PIT,2nd_year,45,3.461538462,0.748102976,0.703981825,0.235294118,0.61,13,50.5
433,188,R.Miller,WR,TB,veteran,36.8,4.6,0.743731179,0.447882698,0.529411765,0.645,8,230.5
434,189,G.Ward,WR,PHI,veteran,34.58,4.94,0.743211463,0.529034089,0.588235294,0.84,7,
435,135,K.Vidal,RB,LAC,rookie,32.7,3.633333333,0.741427182,0.496072365,0.5,0.715,12,50.5
436,190,M.Hardman,WR,GB,veteran,33.2,4.742857143,0.732750255,0.565563798,0.534989186,0.715,9.75,130.5
437,57,E.Higgins,TE,ARI,2nd_year,49.2,3.514285714,0.728748342,0.487789033,0.176470588,0.505,14,30.5
438,58,J.O'Shaughnessy,TE,JAX,veteran,50.4,7.2,0.728031928,0.67013073,0.588235294,0.77,7,
439,136,K.Herbert,RB,IND,veteran,31.5,3.9375,0.726039823,0.46459431,0.403271046,0.61,11,70.5
440,59,B.Jordan,TE,HOU,veteran,50.9,5.655555556,0.723226985,0.576874808,0.470588235,0.68,9,108.5
441,191,D.Peoples-Jones,WR,NO,veteran,28.5,2.375,0.722726569,0.569455886,0.200329869,0.54,14,170.5
442,192,T.Wallace,WR,BAL,veteran,36.3,4.5375,0.720268713,0.443298992,0.643851604,0.715,6.5,70.5
443,137,J.White,RB,NE,veteran,31.2,10.4,0.720248663,0.8,0.823529412,0.595,3,
444,193,M.Sanu,WR,SF,veteran,32.7,4.0875,0.719250601,0.46881753,0.529411765,0.875,8,
445,138,S.Michel,RB,LAC,veteran,24.9,2.49,0.699513082,0.531491542,0.267026292,0.805,13.5,
446,194,B.Pringle,WR,WAS,veteran,30.1,2.508333333,0.699060822,0.485302113,0.378823529,0.665,12,
447,56,A.Dalton,QB,CAR,veteran,58.96,9.826666667,0.698700943,0.744972707,0.682352941,0.47,7.5,30.5
448,195,S.Sims,WR,SEA,veteran,31.4,2.854545455,0.698218967,0.402371665,0.352941176,0.645,11,170.5
449,196,K.Cole,WR,LV,veteran,30.1,3.344444444,0.697003525,0.481777025,0.367203654,0.63,11.5,
450,57,T.Huntley,QB,CLE,veteran,60.66,12.132,0.692758648,0.659083446,0.697647059,0.54,5.5,90.5
451,197,J.Bobo,WR,SEA,veteran,29.7,2.7,0.692403208,0.416912604,0.290910428,0.645,12.5,90.5
452,198,X.Hutchinson,WR,HOU,2nd_year,23.7,1.692857143,0.689038159,0.606471963,0.176470588,0.68,14,105
453,199,K.Hodge,WR,ATL,veteran,32.1,5.35,0.685337587,0.413962277,0.47683634,0.645,9.5,70.5
454,139,D.Evans,RB,BUF,veteran,30,5,0.684669801,0.583514498,0.761498663,0.82,4.5,102.5
455,200,J.Polk,WR,NE,rookie,32.7,2.515384615,0.683320559,0.449567952,0.5,0.505,5,150.5
456,201,M.Heath,WR,GB,veteran,31.7,6.34,0.682523674,0.462724135,0.561143939,0.715,8.5,150.5
457,58,T.Bagent,QB,CHI,veteran,53.26,10.652,0.682456032,0.82624343,0.705882353,0.54,5,30.5
458,202,D.Pettis,WR,NO,veteran,32,4,0.679889486,0.498314246,0.550588235,0.54,8,150.5
459,203,K.Philips,WR,LV,2nd_year,33.1,4.1375,0.674801507,0.404449724,0.529411765,0.54,8,150.5
460,140,J.Hasty,RB,NE,veteran,28.8,3.2,0.671771076,0.415615579,0.376800457,0.505,11,90.5
461,60,A.Trautman,TE,DEN,veteran,43.8,3.369230769,0.668208862,0.42278163,0.235508932,0.61,13,30.5
462,141,C.Rodriguez,RB,WAS,2nd_year,31.5,5.25,0.667499564,0.439463497,0.647058824,0.575,6,70.5
463,61,J.Ruckert,TE,NYJ,veteran,28.5,2.192307692,0.664391893,1,0.349733957,0.575,11.5,30.5
464,204,D.Mims,WR,NYJ,veteran,29.6,3.288888889,0.6628084,0.422876941,0.449911319,0.665,9.5,
465,142,Z.White,RB,LV,veteran,29.3,3.6625,0.662151037,0.375244078,0.426027184,0.54,10.5,50.5
466,62,J.Mundt,TE,JAX,veteran,45.2,3.476923077,0.660855747,0.415604687,0.354018092,0.68,11.66666667,50.5
467,143,J.Wright,RB,MIA,rookie,26.7,2.053846154,0.660166535,0.470302505,0.5,0.785,5,30.5
468,144,P.Taylor,RB,SF,veteran,29.8,5.96,0.658274132,0.426732764,0.666363475,0.785,5.75,127.5
469,145,K.Miller,RB,NO,2nd_year,29.1,4.85,0.654729553,0.533292545,0.647058824,0.54,6,30.5
470,205,A.Smith,WR,PHI,rookie,17.7,5.9,0.652571429,1,0.5,0.75,5,110.5
471,63,N.Vannett,TE,MIN,veteran,48.5,4.041666667,0.652389853,0.45956643,0.565127398,0.645,8,110
472,64,K.Granson,TE,PHI,veteran,32.2,2.3,0.647753363,0.609861786,0.18,0.75,14,50.5
473,146,C.Steele,RB,KC,veteran,23.9,1.991666667,0.642357616,0.337088218,0.294117647,0.91,12,
474,147,A.Peterson,RB,SEA,veteran,26.6,6.65,0.641393524,0.632429713,0.764705882,0.735,4,
475,206,C.Claypool,WR,MIA,veteran,21.7,3.1,0.638310815,0.571319266,0.355095007,0.875,12.33333333,
476,148,J.Jefferson,RB,TEN,rookie,25.7,6.425,0.637419341,0.517859183,0.5,0.575,1,107
477,149,G.Igwebuike,RB,SEA,veteran,26.8,3.35,0.635107917,0.408142897,0.529411765,0.735,8,
478,207,J.Crowder,WR,WAS,veteran,28.2,7.05,0.632198674,0.549814048,0.67163133,0.665,6.75,
479,65,C.Brate,TE,TB,veteran,37.4,4.155555556,0.630289693,0.497134521,0.325849822,0.735,12.5,
480,208,J.Guyton,WR,LAC,veteran,24.9,3.557142857,0.629661614,0.437789467,0.402143048,0.805,11.5,
481,66,C.Kolar,TE,BAL,veteran,28.3,4.042857143,0.628470452,1,0.626381907,0.785,6.5,50.5
482,209,D.Fitzpatrick,WR,LAC,rookie,15.9,5.3,0.625928571,1,0.5,0.715,11.66666667,248.5
483,210,B.Means,WR,NO,rookie,26.8,6.7,0.625467839,0.507585641,0.5,0.54,12,209.5
484,211,R.James,WR,KC,veteran,21.4,2.675,0.625217517,0.560578855,0.405350267,0.91,11,
485,67,E.All,TE,CIN,rookie,35.8,4.475,0.622391399,0.649800701,0.5,0.75,5,70.5
486,150,S.McCormick,RB,LV,veteran,27.2,6.8,0.620338607,0.59348277,0.764705882,0.54,4,70.5
487,151,M.Gordon,RB,BAL,veteran,19.7,4.925,0.619676006,0.713217391,0.538823529,0.805,10,
488,152,D.Harris,RB,BUF,veteran,19,3.166666667,0.619543155,0.650998432,0.466486811,0.91,10.66666667,
489,212,K.Hamler,WR,BUF,veteran,25.8,4.3,0.61347369,0.608236547,0.761498663,0.82,4.5,150.5
490,153,D.Williams,RB,ARI,veteran,21.1,4.22,0.612414966,0.612958259,0.457759358,0.63,11,
491,68,T.Hudson,TE,CIN,veteran,38.5,4.277777778,0.611625691,0.50571912,0.481176471,0.75,9,90.5
492,213,K.Austin,WR,NO,veteran,27,3.375,0.611397185,0.464546725,0.529411765,0.54,8,130.5
493,69,M.Mayer,TE,LV,2nd_year,36.6,3.327272727,0.611232854,0.574049852,0.352941176,0.47,11,30.5
494,214,D.Jackson,WR,BAL,veteran,24.3,3.471428571,0.610398943,0.424678993,0.44349688,0.805,10.5,
495,215,M.Brown,WR,KC,veteran,18.1,9.05,0.607099143,0.769583703,0.500055343,0.82,10.75,50.5
496,154,J.Mims,RB,TEN,veteran,26.1,3.728571429,0.606350615,0.442354331,0.588235294,0.575,7,88
497,59,T.Bridgewater,QB,TB,veteran,38.02,7.604,0.606176977,0.7458157,0.519790107,0.645,9.5,50.5
498,155,J.Williams,RB,WAS,veteran,26.2,3.742857143,0.604765318,0.455593179,0.66452852,0.665,6,
499,60,J.Brissett,QB,ARI,veteran,45.24,6.462857143,0.604064144,0.681349081,0.643363492,0.54,8.25,30.5
500,156,T.Coleman,RB,SF,veteran,22,11,0.602555524,0.61723065,0.696260695,0.875,6.5,
501,216,R.Chosen,WR,SF,veteran,22.6,4.52,0.601644425,0.496526645,0.457793327,0.785,11.33333333,250.5
502,61,S.Ehlinger,QB,DEN,2nd_year,35.62,8.905,0.600879176,1,0.764705882,0.61,4,50.5
503,70,D.Sample,TE,CIN,veteran,36.5,3.318181818,0.597543282,0.418945854,0.363529412,0.75,11,50.5
504,62,M.Mariota,QB,WAS,veteran,45.76,15.25333333,0.596231793,0.715302465,0.760191091,0.575,6.25,30.5
505,71,N.Adkins,TE,DEN,veteran,43.5,3.625,0.595417049,0.432190778,0.599290552,0.61,8,50.5
506,217,J.Cowing,WR,SF,rookie,12.7,4.233333333,0.591785714,1,0.5,0.785,12,90.5
507,72,S.Zylstra,TE,DET,veteran,41,5.125,0.589056259,0.374437108,0.529411765,0.75,8,50.5
508,157,E.Gray,RB,NYG,2nd_year,19.3,1.93,0.583762558,0.623734725,0.411764706,0.47,10,70.5
509,63,M.Penix,QB,ATL,rookie,44.1,8.82,0.582068587,0.467761429,0.5,0.645,5,10.5
510,158,J.Richard,RB,LV,veteran,23.2,2.9,0.580797325,0.429264165,0.529411765,0.63,8,
511,73,M.Williams,TE,ARI,veteran,41.3,8.26,0.579297855,0.529028862,0.705882353,0.595,5,
512,218,N.Harry,WR,CHI,veteran,24.6,4.1,0.574976166,0.450784265,0.585028075,0.63,7.5,
513,219,K.Osborn,WR,WAS,veteran,18.7,3.116666667,0.57450273,0.557022123,0.313406858,0.575,13.75,90.5
514,74,M.Alie-Cox,TE,IND,veteran,32.7,2.725,0.574042276,0.394800197,0.229626579,0.61,14,30.5
515,220,I.McKenzie,WR,IND,veteran,20.6,2.288888889,0.573765728,0.432099939,0.345581996,0.7,11.66666667,
516,75,B.Wright,TE,DET,veteran,35,3.5,0.569729312,0.450768207,0.48268281,0.75,9.5,30.5
517,159,B.Scott,RB,PHI,veteran,17.8,1.78,0.56857453,0.474235299,0.383557835,0.84,10.66666667,
518,76,O.Howard,TE,HOU,veteran,36.5,3.318181818,0.566295126,0.338517222,0.429234403,0.77,10,
519,221,T.Hilton,WR,DAL,veteran,19.1,6.366666667,0.563996951,0.666734888,0.678790998,0.875,6.5,
520,160,I.Spiller,RB,LAC,2nd_year,19,2.111111111,0.56260257,0.468517231,0.470588235,0.805,9,
521,77,B.Jarwin,TE,DAL,veteran,32.6,4.657142857,0.561732918,0.529633438,0.588235294,0.875,7,
522,78,Z.Gentry,TE,PIT,veteran,32.2,2.3,0.561216833,0.402961297,0.329057041,0.7,12,
523,64,M.Willis,QB,GB,veteran,51.8,8.633333333,0.561147081,0.38582905,0.799645276,0.715,4,30.5
524,65,J.Milton,QB,DAL,rookie,19.24,19.24,0.559658439,1,0.5,0.785,12,30.5
525,79,Cade Stover,TE,JAX,rookie,29.26101374,2.926101374,0.559596383,0.598802395,0.5,0.77,5,
526,80,I.Smith,TE,HOU,veteran,33.5,3.722222222,0.55957134,0.506733463,0.508734848,0.68,8.5,50.5
527,161,D.Dallas,RB,ARI,veteran,21,3,0.558953125,0.451888476,0.471913152,0.54,9.75,70.5
528,222,B.Perriman,WR,TB,veteran,23.3,2.9125,0.558696451,0.457581373,0.643851604,0.735,6.5,
529,223,T.Sherfield,WR,DEN,veteran,22.3,2.7875,0.558457671,0.413624721,0.463313974,0.61,10.5,90.5
530,224,M.Tipton,WR,NO,veteran,23.9,2.655555556,0.558251108,0.364332162,0.470588235,0.54,9,110.5
531,225,B.Melton,WR,GB,veteran,22.5,2.045454545,0.557582865,0.44716258,0.619967469,0.805,7.5,
532,81,C.Stover,TE,HOU,rookie,34.3,2.638461538,0.557227395,0.464900196,0.5,0.68,12,30.5
533,162,C.Reynolds,RB,DET,veteran,20.9,2.985714286,0.556520063,0.504737393,0.648321428,0.75,6,50.5
534,163,I.Abanikanda,RB,GB,rookie,18.3,3.05,0.555804292,0.53903535,0.5,0.715,15.5,90.5
535,226,K.Wilkerson,WR,BUF,veteran,20.2,20.2,0.553478992,0.8,0.941176471,0.82,1,170.5
536,164,K.McIntosh,RB,SEA,2nd_year,22.4,3.2,0.55279101,0.401934095,0.588235294,0.645,7,130.5
537,227,L.Bowden,WR,NO,veteran,22.5,2.8125,0.552716584,0.42525289,0.529411765,0.63,8,
538,82,H.Long,TE,JAX,veteran,19,2.714285714,0.551578731,1,0.588235294,0.68,7,30.5
539,165,M.Brown,RB,LA,veteran,22.8,3.257142857,0.548661876,0.400116667,0.626381907,0.63,6.5,
540,83,T.Higbee,TE,LA,veteran,26.6,8.866666667,0.548152121,0.660274806,0.413163428,0.54,12.25,10.5
541,84,J.Fortson,TE,KC,veteran,31.8,3.533333333,0.546583615,0.482974638,0.661321301,1.05,6.5,
542,85,J.Graham,TE,NO,veteran,33.9,6.78,0.544959624,0.514020599,0.581820856,0.63,8,
543,228,K.Golladay,WR,NYG,veteran,20.1,3.35,0.544740589,0.506562864,0.481643494,0.56,10,
544,66,C.Wentz,QB,KC,veteran,26.12,26.12,0.543123236,0.826501097,0.662806038,0.91,8.666666667,
545,229,R.Flournoy,WR,DAL,rookie,18.2,2.6,0.540471725,0.5118869,0.5,0.785,12,110.5
546,230,O.Beckham,WR,MIA,veteran,14.5,1.8125,0.540314076,0.549187259,0.354556549,0.875,12,
547,86,S.Smartt,TE,NYJ,veteran,34.8,4.971428571,0.539968129,0.4098252,0.484850713,0.575,9.5,50.5
548,166,T.Badie,RB,DEN,rookie,9.4,9.4,0.539181818,1,0.5,0.61,7,90.5
549,167,G.Brightwell,RB,CIN,veteran,11.6,3.866666667,0.539152852,1,0.720144831,0.75,5.5,70.5
550,231,D.Walker,WR,BAL,rookie,9.1,4.55,0.5385,1,0.5,0.715,5,90.5
551,168,Z.Horvath,RB,LAC,rookie,18.6,2.325,0.533489958,0.397414379,0.5,0.805,3,
552,87,P.Durham,TE,TB,2nd_year,34.5,6.9,0.532853229,0.539742011,0.705882353,0.645,5,30.5
553,232,R.Cobb,WR,NYJ,veteran,16.9,1.877777778,0.532531524,0.497100886,0.377647059,0.665,11,
554,88,E.Ebron,TE,PIT,veteran,32.5,4.0625,0.531397964,0.4344185,0.529411765,0.7,8,
555,233,T.Kennedy,WR,DET,veteran,22.1,4.42,0.531173076,0.436285224,0.685205437,0.75,5.5,130.5
556,89,R.Tonyan,TE,KC,veteran,22.2,2.018181818,0.531113404,0.486017488,0.315431817,0.96,12,50.5
557,234,D.Duvernay,WR,CHI,veteran,19.2,1.92,0.530573404,0.475981629,0.446395729,0.54,11.25,90.5
558,90,L.Krull,TE,DEN,veteran,34.2,3.42,0.529938153,0.407890564,0.526204545,0.61,8.5,70.5
559,169,C.Clement,RB,ARI,veteran,21.9,5.475,0.528719362,0.463555167,0.744028966,0.63,4.5,
560,235,T.Benson,WR,DET,veteran,20.3,2.9,0.528127484,0.403098173,0.588235294,0.84,7,
561,236,Z.Jones,WR,ARI,veteran,16.4,2.733333333,0.526871204,0.610744463,0.453360272,0.54,11.5,50.5
562,237,J.Burton,WR,CIN,rookie,14.7,3.675,0.525592532,0.646370128,0.5,0.75,5,70.5
563,91,D.Culp,TE,TB,rookie,13.8,6.9,0.524337679,1,0.5,0.645,5,70.5
564,170,Q.Ollison,RB,ATL,veteran,19.7,3.283333333,0.523197529,0.441891722,0.647058824,0.735,6,
565,67,J.Dobbs,QB,NE,veteran,30.84,15.42,0.520434372,0.809008831,0.712765439,0.505,5.666666667,30.5
566,238,J.Smith,WR,NYJ,veteran,21.4,3.057142857,0.520045695,0.367658053,0.567558378,0.665,7.5,
567,92,D.Bellinger,TE,NYG,veteran,26.5,3.785714286,0.519130143,0.644178891,0.464173797,0.4,10,30.5
568,171,R.Jones,RB,KC,veteran,16.2,3.24,0.517646376,0.422239694,0.499113191,0.91,10,
569,172,B.Snell,RB,PIT,veteran,18.7,6.233333333,0.51195705,0.441236401,0.616760249,0.7,8,
570,239,C.Johnson,WR,LV,veteran,21.5,3.071428571,0.509875629,0.388376467,0.588235294,0.54,7,110.5
571,240,A.Dulin,WR,IND,veteran,19.2,2.133333333,0.509170612,0.398532267,0.491597986,0.61,10,90.5
572,241,S.Toure,WR,CHI,2nd_year,17.8,2.225,0.508357967,0.525532708,0.529411765,0.54,8,170.5
573,242,R.Jarrett,WR,TB,veteran,21.4,3.566666667,0.506736363,0.386021081,0.647058824,0.645,6,150.5
574,243,C.Sims,WR,WAS,veteran,16.9,1.408333333,0.50573701,0.384133881,0.370410873,0.665,11,
575,173,L.Perine,RB,KC,veteran,14,7,0.505438503,0.8,0.882352941,0.91,2,
576,244,L.Shenault,WR,BUF,veteran,14.7,2.45,0.503848073,0.523647803,0.490319388,0.82,10.75,130.5
577,174,K.Harris,RB,JAX,2nd_year,21.3,5.325,0.50084418,0.381323243,0.764705882,0.68,4,90.5
578,93,D.Arnold,TE,JAX,veteran,22.5,2.25,0.50008625,0.505424078,0.411764706,0.77,10,
579,175,J.Brooks,RB,CAR,rookie,7.5,2.5,0.499272727,1,0.5,0.47,12,130.5
580,68,D.Ridder,QB,CIN,veteran,21.92,4.384,0.496342588,0.686949268,0.499113191,0.75,10,50.5
581,69,K.Pickett,QB,CLE,veteran,25.14,5.028,0.495826181,0.730705706,0.561143939,0.54,8.5,30.5
582,70,T.McKee,QB,PHI,2nd_year,28.82,14.41,0.494994391,0.8,0.882352941,0.75,2,30.5
583,245,D.Sills,WR,ATL,veteran,21.6,3.085714286,0.49436328,0.370736085,0.702675134,0.645,5.5,110.5
584,246,D.Milne,WR,WAS,2nd_year,15.7,2.242857143,0.494192708,0.573930495,0.588235294,0.665,7,
585,247,A.Miller,WR,BAL,veteran,14.5,4.833333333,0.493222689,0.8,0.823529412,0.715,3,130.5
586,176,W.Shipley,RB,PHI,rookie,15.7,3.14,0.492500399,0.413637959,0.5,0.75,5,30.5
587,248,X.Gipson,WR,NYJ,veteran,16.4,2.342857143,0.488470897,0.435252519,0.44349688,0.575,10.5,130.5
588,249,B.Powell,WR,MIN,veteran,14.1,2.014285714,0.488147498,0.442263176,0.386020053,0.735,12,
589,177,R.Blackshear,RB,CAR,veteran,17.1,2.1375,0.488130459,0.422240911,0.488057932,0.47,9,70.5
590,250,M.Bandy,WR,DEN,veteran,18.9,2.7,0.487558359,0.404821672,0.588235294,0.61,7,130.5
591,251,D.Carter,WR,CLE,veteran,16.2,3.24,0.48684754,0.49704102,0.498492146,0.54,11,130.5
592,94,L.Farrell,TE,SF,veteran,18.7,1.87,0.484525147,0.631849188,0.556375817,0.89,7.666666667,30.5
593,95,E.Saubert,TE,SEA,veteran,26.7,3.3375,0.483504707,0.426934623,0.501204894,0.645,8.666666667,50.5
594,96,A.Ogletree,TE,IND,veteran,25.9,2.354545455,0.482075449,0.372593513,0.39108779,0.61,10.5,50.5
595,178,A.Walter,RB,NYJ,veteran,19,4.75,0.481428841,0.435116435,0.764705882,0.665,4,
596,252,M.Strachan,WR,WAS,2nd_year,8.9,1.78,0.480752101,1,0.705882353,0.575,5,190.5
597,253,K.Stills,WR,NO,veteran,18.9,2.7,0.47894865,0.362382836,0.588235294,0.63,7,
598,71,C.McCoy,QB,ARI,veteran,32.8,8.2,0.478291105,0.528918499,0.702675134,0.63,5.5,
599,254,M.Goodwin,WR,CLE,veteran,14,1.4,0.4780443,0.409353672,0.336470588,0.63,12,
600,179,P.Lindsay,RB,IND,veteran,14.8,4.933333333,0.477939277,0.501351048,0.596083333,0.7,8.5,
601,255,A.Schwartz,WR,CLE,2nd_year,18.8,3.133333333,0.477804011,0.410005962,0.647058824,0.63,6,
602,97,A.Okwuegbunam,TE,LV,veteran,25.5,4.25,0.477180943,0.510736388,0.50232041,0.47,9.5,90.5
603,180,R.Rivers,RB,LA,veteran,18.3,3.66,0.475649407,0.474854481,0.733048338,0.54,4.666666667,70.5
604,256,P.Campbell,WR,DAL,veteran,15,3.75,0.475336109,0.49967276,0.604696118,0.785,8.75,201
605,257,D.Westbrook,WR,MIN,veteran,16.8,2.1,0.47438172,0.36305629,0.529411765,0.735,8,
606,258,J.Reagor,WR,LAC,veteran,14.7,2.1,0.473233537,0.426856934,0.469903481,0.715,10.75,130.5
607,259,T.Shavers,WR,BUF,veteran,13.9,13.9,0.472478992,0.8,0.941176471,0.82,1,110.5
608,181,J.Taylor,RB,HOU,veteran,18.5,3.7,0.472427323,0.373324264,0.705882353,0.68,5,130.5
609,182,R.Armstead,RB,JAX,veteran,12.6,6.3,0.472347594,0.8,0.882352941,0.77,2,
610,260,D.Montgomery,WR,IND,veteran,14.6,7.3,0.472243697,0.8,0.882352941,0.61,2,250.5
611,98,A.Firkser,TE,DET,veteran,19,2.375,0.472205047,0.45565571,0.384673351,0.84,11.5,
612,261,D.Young,WR,SEA,rookie,4.4,4.4,0.471071429,1,0.5,0.645,7.5,110.5
613,262,T.Jones,WR,MIN,veteran,19.3,2.144444444,0.470969723,0.362364504,0.661321301,0.645,6.5,190.5
614,72,J.Stidham,QB,DEN,veteran,26.64,13.32,0.470268787,0.8,0.861676025,0.61,2.5,30.5
615,263,M.Johnson,WR,NYG,veteran,18.9,3.78,0.470100439,0.416024574,0.66452852,0.56,6,
616,264,J.Hyatt,WR,NYG,2nd_year,14.2,1.42,0.469832568,0.490456323,0.411764706,0.47,10,70.5
617,265,D.Newsome,WR,CHI,rookie,4.3,1.433333333,0.468285714,1,0.5,0.63,11,
618,99,A.Shaheen,TE,MIA,veteran,23,3.285714286,0.466838977,0.455692953,0.588235294,0.875,7,
619,266,D.Eskridge,WR,MIA,2nd_year,13.8,1.725,0.46635987,0.465254606,0.529411765,0.785,8,90.5
620,73,J.Garoppolo,QB,LA,veteran,19.86,19.86,0.465214282,0.825865676,0.653185477,0.54,8.5,30.5
621,74,M.Glennon,QB,NYG,veteran,30.9,5.15,0.463482974,0.505001874,0.647058824,0.56,6,
622,267,C.Beasley,WR,BUF,veteran,9.5,2.375,0.463331206,0.614019705,0.516582888,0.91,10,
623,75,T.Siemian,QB,TEN,veteran,26.96,5.392,0.463235525,0.716215309,0.785518619,0.575,4.333333333,50.5
624,183,J.Wilson,RB,SF,veteran,10.6,1.514285714,0.462865721,0.577960711,0.523349556,0.785,9.5,110.5
625,268,S.Williams,WR,LV,rookie,4.4,4.4,0.460571429,1,0.5,0.54,4,244
626,269,D.Chark,WR,ATL,veteran,13.1,3.275,0.460403527,0.57222295,0.577903911,0.645,8,150.5
627,100,C.Uzomah,TE,NYJ,veteran,19.8,2.828571429,0.459870794,0.469241038,0.407663281,0.665,11.66666667,
628,184,M.Lloyd,RB,GB,rookie,2.8,2.8,0.459681818,1,0.5,0.715,5,50.5
629,101,J.Wiley,TE,KC,rookie,1.7,1.7,0.459530729,1,0.5,0.96,5,70.5
630,270,J.Brown,WR,BUF,veteran,11.2,5.6,0.458529412,0.8,0.882352941,0.91,2,
631,185,J.McClellan,RB,TB,rookie,3.2,1.6,0.458136364,1,0.5,0.645,12,107
632,271,J.Wilson,WR,PHI,rookie,14.8,1.644444444,0.456889913,0.366416797,0.5,0.75,8,230
633,272,A.Gould,WR,IND,rookie,3.3,3.3,0.453428571,1,0.5,0.61,5,110.5
634,102,G.Everett,TE,CHI,veteran,11.6,1.288888889,0.452691134,0.604984652,0.269411765,0.63,13.5,
635,273,J.Brownlee,WR,KC,veteran,16.6,4.15,0.451342395,0.43542,0.764705882,0.82,4,150.5
636,274,A.Green,WR,DET,rookie,1.2,0.6,0.449428571,1,0.5,0.84,5,
637,275,C.Washington,WR,ATL,rookie,2.4,1.2,0.445357143,1,0.5,0.645,12,90.5
638,103,J.Bates,TE,WAS,veteran,14.4,1.44,0.444107706,0.582359446,0.367976928,0.575,11,30.5
639,276,C.Batson,WR,TEN,veteran,11,3.666666667,0.443222689,0.8,0.823529412,0.665,3,
640,277,F.Swain,WR,DEN,veteran,11.4,3.8,0.443113074,0.549950183,0.554729501,0.7,9.5,
641,104,H.Hurst,TE,LAC,veteran,15.3,2.185714286,0.442785862,0.538662864,0.470782053,0.805,10.25,
642,186,J.Wilkins,RB,IND,veteran,14.7,3.675,0.442071702,0.498233331,0.764705882,0.7,4,
643,76,C.Keenum,QB,CHI,veteran,28.68,5.736,0.44161873,0.533138386,0.705882353,0.54,5,50.5
644,278,S.Fehoko,WR,ARI,veteran,16.6,3.32,0.44161532,0.553004747,0.820322192,0.54,3.5,90.5
645,187,D.Vaughn,RB,DAL,2nd_year,11.8,2.36,0.440912823,0.570720811,0.705882353,0.785,5,70.5
646,105,R.Dwelley,TE,SF,veteran,19.5,4.875,0.440577038,0.627768488,0.802852496,0.89,3.5,70.5
647,188,K.Ingram,RB,KC,2nd_year,14,2,0.439515054,0.337012089,0.588235294,0.82,7,110.5
648,77,J.Hall,QB,MIN,rookie,2.12,0.706666667,0.437951969,1,0.5,0.735,16,
649,106,D.Smythe,TE,CHI,veteran,14.3,1.1,0.43781973,0.472444725,0.240543777,0.54,13.25,50.5
650,279,M.Corley,WR,NYJ,rookie,7.2,1.44,0.437816528,0.750980398,0.5,0.575,5,110.5
651,189,T.Williams,RB,CLE,veteran,14.9,1.064285714,0.436126563,0.362128357,0.55793672,0.54,9,110.5
652,190,B.Bolden,RB,LV,veteran,11.1,3.7,0.436074992,0.577530697,0.613356594,0.63,9,
653,191,E.Hull,RB,PIT,rookie,1.7,1.7,0.434181818,1,0.5,0.61,10,90.5
654,280,M.Jones,WR,DET,veteran,6.5,1.625,0.434120603,0.590236417,0.405049652,0.84,12.33333333,
655,107,H.Bryant,TE,HOU,veteran,17.6,3.52,0.43343905,0.445216959,0.429740129,0.68,11.25,70.5
656,108,G.Swaim,TE,CLE,veteran,19.4,2.771428571,0.433294469,0.407709756,0.430212301,0.63,11.33333333,
657,281,C.Dowell,WR,TEN,rookie,1.3,0.65,0.433214286,1,0.5,0.665,5,
658,78,Michael Penix Jr.,QB,ATL,rookie,17.72001864,4.377886957,0.433185665,0.555555556,0.5,0.735,5,
659,109,T.Sweeney,TE,BUF,veteran,19.4,2.771428571,0.433047648,0.421140865,0.588235294,0.91,7,
660,192,C.Edwards-Helaire,RB,NO,veteran,10,5,0.432833694,0.59831593,0.535544624,0.54,9.25,90.5
661,110,J.Bell,TE,NE,rookie,4,1.333333333,0.432337008,1,0.5,0.505,12,50.5
662,282,V.Jones,WR,NO,2nd_year,11.1,1.11,0.431540084,0.468714958,0.411764706,0.54,10,110.5
663,283,B.Skowronek,WR,PIT,veteran,11.9,2.975,0.431231272,0.530101558,0.576470588,0.61,9,110.5
664,284,C.Conley,WR,SF,veteran,13.6,1.942857143,0.430992376,0.373096367,0.623194292,0.875,8.333333333,
665,285,L.Treadwell,WR,IND,veteran,10.2,3.4,0.43096881,0.665253544,0.637437166,0.61,7.5,130.5
666,286,J.Virgil,WR,BUF,veteran,15.5,3.875,0.430532962,0.408753695,0.764705882,0.82,4,250
667,287,J.Gordon,WR,TEN,veteran,14.2,1.577777778,0.430347536,0.301575019,0.470588235,0.665,9,
668,79,S.Clifford,QB,GB,rookie,1.28,0.64,0.430225717,1,0.5,0.715,15.5,50.5
669,111,J.Hill,TE,MIA,veteran,22,2,0.430052565,0.340735473,0.543674242,0.785,8.5,30.5
670,288,E.St. Brown,WR,SF,veteran,11.2,2.24,0.429404912,0.404995201,0.471719442,0.785,10,250.5
671,289,P.Hart,WR,SEA,veteran,12.9,1.433333333,0.428958725,0.334876916,0.470588235,0.735,9,
672,290,K.Kirkwood,WR,BAL,veteran,14.7,2.1,0.428008473,0.340622126,0.588235294,0.715,7,150.5
673,193,J.Funk,RB,IND,rookie,0.5,0.25,0.426818182,1,0.5,0.7,4,
674,291,B.Oliver,WR,TEN,veteran,15.5,3.1,0.426757286,0.44459217,0.705882353,0.575,5,162
675,80,I.Book,QB,NO,rookie,2,2,0.426633933,1,0.5,0.63,11.33333333,
676,194,C.Evans,RB,CIN,2nd_year,12.8,3.2,0.425910454,0.481224705,0.764705882,0.84,4,
677,292,T.Taylor,WR,SF,veteran,13.7,2.283333333,0.425736099,0.402020027,0.647058824,0.785,6,272
678,81,K.Mond,QB,MIN,rookie,0.2,0.2,0.424863393,1,0.5,0.735,12.66666667,
679,293,J.Jackson,WR,TEN,rookie,1.3,0.65,0.424214286,1,0.5,0.575,12,143
680,195,S.Vaki,RB,DET,rookie,8.1,2.025,0.424053463,0.55439567,0.5,0.75,12,70.5
681,112,C.Heyward,TE,PIT,veteran,16,3.2,0.423303465,0.605278413,0.581820856,0.61,8,70.5
682,294,B.Covey,WR,LA,veteran,10.4,3.466666667,0.423008403,0.8,0.823529412,0.54,3,130.5
683,295,T.Martin,WR,WAS,veteran,11.9,11.9,0.422264706,0.8,0.941176471,0.575,1,250.5
684,82,T.Taylor,QB,NYJ,veteran,20.06,10.03,0.422146508,0.70002739,0.735543457,0.575,5,30.5
685,113,L.Smith,TE,ATL,veteran,21.5,3.583333333,0.421842477,0.426521289,0.647058824,0.735,6,
686,296,J.Bradley,WR,CLE,veteran,10.4,5.2,0.420243697,0.8,0.882352941,0.63,2,
687,196,J.Chestnut,RB,TEN,veteran,13.3,1.9,0.419487489,0.393083646,0.588235294,0.575,7,50
688,114,J.Horsted,TE,LV,veteran,16.1,5.366666667,0.419438076,0.8,0.823529412,0.56,3,
689,297,P.Williams,WR,MIA,veteran,13.8,2.3,0.418928131,0.333645297,0.647058824,0.875,6,
690,115,T.McKitty,TE,HOU,2nd_year,17.2,2.15,0.418357141,0.477361432,0.529411765,0.68,8,108.5
691,116,J.Hollister,TE,JAX,veteran,20.5,3.416666667,0.413904375,0.412605887,0.647058824,0.77,6,
692,197,S.Conner,RB,JAX,rookie,10.2,2.04,0.413834469,0.390974239,0.5,0.77,17,
693,198,W.Gallman,RB,ATL,veteran,13.5,2.25,0.413430238,0.341004373,0.647058824,0.735,6,
694,83,D.Blough,QB,ARI,veteran,18.58,9.29,0.413188653,0.8,0.882352941,0.63,2,
695,117,T.Reiman,TE,ARI,rookie,9.7,1.94,0.412788091,0.740333384,0.5,0.505,5,50.5
696,84,D.Webb,QB,NYG,veteran,20.82,20.82,0.409693952,0.8,0.941176471,0.56,1,
697,298,A.Robinson,WR,DET,veteran,6,1,0.408966028,0.526244807,0.418690154,0.84,10.75,
698,118,S.Sullivan,TE,CAR,veteran,24.5,2.45,0.408211448,0.369354596,0.640644385,0.49,7,
699,85,K.Allen,QB,DET,veteran,15.94,7.97,0.407191861,0.8,0.882352941,0.75,2,50.5
700,199,D.Johnson,RB,NO,veteran,9.1,2.275,0.407127881,0.543038797,0.578613636,0.63,8.5,
701,299,R.Cracraft,WR,WAS,veteran,13.6,3.4,0.405877919,0.445612516,0.689411765,0.575,6,190.5
702,119,M.Pruitt,TE,PIT,veteran,16,2.666666667,0.403934323,0.450934505,0.530736681,0.7,8.75,
703,120,M.Wilcox,TE,CIN,veteran,14.6,1.622222222,0.403896696,0.391237051,0.470588235,0.84,9,
704,121,L.Musgrave,TE,GB,2nd_year,11.5,1.642857143,0.403844638,0.633841191,0.588235294,0.715,7,30.5
705,200,K.Nwangwu,RB,NYJ,2nd_year,11.5,3.833333333,0.400187744,0.602301778,0.823529412,0.575,3,70.5
706,122,C.Turner,TE,WAS,2nd_year,23,3.285714286,0.400169987,0.309016991,0.588235294,0.575,7,110.5
707,300,J.Proche,WR,TEN,veteran,12.2,1.742857143,0.399901289,0.412764819,0.588235294,0.575,7,124
708,301,A.Tate,WR,CIN,veteran,12.9,3.225,0.399381711,0.409862979,0.764705882,0.84,4,
709,86,C.Beathard,QB,JAX,veteran,21.46,3.576666667,0.399037643,0.420629212,0.647058824,0.77,6,
710,302,S.Miller,WR,PIT,veteran,11.9,2.975,0.397937227,0.437812343,0.627579292,0.61,7.25,70.5
711,303,C.Hogan,WR,NO,veteran,14.1,2.82,0.39727699,0.376670986,0.705882353,0.63,5,
712,87,N.Foles,QB,IND,veteran,16.8,16.8,0.396289746,0.8,0.941176471,0.7,1,
713,201,M.Davis,RB,BAL,veteran,4.2,0.84,0.395697019,0.597904655,0.457759358,0.805,11,
714,304,A.Roberts,WR,LAC,veteran,12.4,2.48,0.39566934,0.387668957,0.705882353,0.805,5,
715,88,J.Wolford,QB,JAX,veteran,14.8,7.4,0.392420519,0.8,0.882352941,0.68,2,50.5
716,123,B.Sinnott,TE,WAS,rookie,13.8,3.45,0.392283023,0.499781376,0.5,0.575,5,50.5
717,124,J.James,TE,CHI,veteran,19.2,4.8,0.39094273,0.512265067,0.764705882,0.63,4,
718,202,T.Jones,RB,ARI,veteran,11.5,11.5,0.389100778,0.50170986,0.780724342,0.63,5,
719,305,G.Olszewski,WR,NYG,veteran,14.2,1.42,0.387985726,0.346172698,0.640644385,0.47,7,210.5
720,125,G.Ricci,TE,MIN,veteran,18,3,0.387697548,0.437371103,0.647058824,0.645,6,90.5
721,306,M.Woods,WR,CLE,veteran,13.5,2.7,0.386900468,0.385480506,0.685205437,0.54,5.5,226
722,307,T.Burks,WR,TEN,veteran,7.5,1.5,0.385631901,0.625353068,0.623174688,0.575,7,238
723,89,S.Thompson,QB,PIT,rookie,17.46,2.494285714,0.384218082,0.416775374,0.5,0.61,3,70.5
724,126,B.Spann-Ford,TE,DAL,veteran,17.8,2.966666667,0.38386291,0.37239995,0.647058824,0.785,6,50.5
725,90,M.Trubisky,QB,BUF,veteran,15.26,1.9075,0.383504946,0.50708861,0.646470588,0.82,6.25,30.5
726,308,J.Ross,WR,KC,veteran,11.3,2.26,0.382805674,0.35078572,0.705882353,0.91,5,
727,127,P.Hesse,TE,ATL,veteran,17.9,1.988888889,0.382301711,0.394381438,0.661321301,0.735,6.5,
728,128,T.Jackson,TE,WAS,veteran,11.2,3.733333333,0.381937741,0.8,0.823529412,0.575,3,130.5
729,91,P.Walker,QB,CLE,veteran,19.96,3.992,0.380885572,0.479647916,0.690465307,0.63,5.333333333,
730,309,E.Ezukanma,WR,MIA,2nd_year,2.2,1.1,0.380315126,1,0.882352941,0.785,2,110.5
731,92,T.DeVito,QB,NYG,veteran,13.48,6.74,0.380201736,0.755327721,0.737614528,0.47,5.5,70.5
732,310,T.Thornton,WR,KC,veteran,8.7,2.175,0.378999908,0.469628103,0.661321301,0.82,6.5,110.5
733,311,T.Marshall,WR,PHI,veteran,7.1,1.42,0.377501501,0.507547298,0.57835519,0.75,8.666666667,90.5
734,203,D.Laube,RB,LV,rookie,-2,-2,0.376727273,1,0.5,0.54,12,90.5
735,129,P.Brown,TE,MIA,veteran,12.5,1.5625,0.376639721,0.399474014,0.506097168,0.785,9,50.5
736,312,M.Washington,WR,NYG,rookie,7.2,0.8,0.376246473,0.546700179,0.5,0.47,15.5,170.5
737,93,S.Mannion,QB,MIN,veteran,12.96,12.96,0.373612594,0.8,0.941176471,0.735,1,
738,204,T.Ebner,RB,CHI,rookie,8.2,1.171428571,0.372153653,0.389341884,0.5,0.63,7.5,
739,313,J.Winfree,WR,HOU,veteran,11.8,2.36,0.371735828,0.372792053,0.705882353,0.68,5,181
740,130,T.Kroft,TE,SF,veteran,9.7,2.425,0.371321516,0.513524123,0.661321301,0.98,6.5,
741,314,A.Baccellia,WR,ARI,veteran,11.5,2.3,0.371260895,0.44232089,0.705882353,0.54,5,130.5
742,131,K.Rudolph,TE,TB,veteran,11.8,2.36,0.367838797,0.400969044,0.499113191,0.735,10,
743,315,F.Darby,WR,ATL,2nd_year,2.5,2.5,0.367407563,1,0.941176471,0.735,1,
744,94,J.Fromm,QB,NYG,veteran,10.9,3.633333333,0.365599054,0.8,0.823529412,0.56,3,
745,132,B.Whiteheart,TE,CLE,veteran,17.1,2.442857143,0.361958981,0.358011319,0.588235294,0.54,7,50.5
746,316,B.Edwards,WR,ATL,veteran,4.5,1.125,0.361598355,0.53423116,0.516582888,0.735,10,
747,133,K.Yeboah,TE,DET,veteran,15.7,2.616666667,0.361508958,0.36384186,0.647058824,0.75,6,125.5
748,95,D.Thompson-Robinson,QB,PHI,2nd_year,15.8,2.633333333,0.359370237,0.424295714,0.647058824,0.75,6,50.5
749,96,T.Heinicke,QB,LAC,veteran,3.12,0.78,0.359308706,0.776455992,0.637871143,0.715,8.5,30.5
750,317,J.Kumerow,WR,BUF,veteran,10.4,2.6,0.358044433,0.345085294,0.764705882,0.91,4,
751,134,A.Auclair,TE,HOU,veteran,15.7,3.925,0.357782668,0.435054349,0.764705882,0.77,4,
752,135,P.Hendershot,TE,KC,veteran,10.1,2.525,0.356396044,0.411645532,0.659518926,1.05,6.666666667,
753,318,W.Snead,WR,SF,veteran,7.8,1.114285714,0.355655219,0.342066254,0.588235294,0.875,7,
754,136,C.Myarick,TE,NYG,veteran,19.5,2.785714286,0.354888288,0.364871596,0.702675134,0.49,5.5,
755,137,T.Fisk,TE,LAC,veteran,10.9,1.557142857,0.3543068,0.454792044,0.588235294,0.715,7,70.5
756,138,L.Cager,TE,WAS,veteran,13.6,4.533333333,0.354019123,0.562292108,0.761498663,0.575,4.5,90.5
757,97,B.Rypien,QB,MIN,veteran,18.02,4.505,0.352572924,0.472689443,0.764705882,0.645,4,70.5
758,139,J.Deguara,TE,ARI,veteran,14.5,3.625,0.352091232,0.418392851,0.59208068,0.505,8.333333333,90.5
759,98,T.Boyle,QB,TEN,veteran,13.94,4.646666667,0.351517787,0.649505803,0.816935895,0.575,3.333333333,50.5
760,140,I.Thomas,TE,LV,veteran,10.6,1.514285714,0.350541672,0.39959858,0.403630226,0.47,11.33333333,50.5
761,141,B.Bell,TE,KC,veteran,11.6,1.933333333,0.349257953,0.387186475,0.724329948,1.05,6.333333333,
762,142,M.Lewis,TE,CHI,veteran,12.9,2.58,0.348220693,0.432085072,0.627374634,0.63,8,
763,143,Q.Morris,TE,JAX,veteran,14.6,2.92,0.347278941,0.480710337,0.785518619,0.68,4.333333333,70.5
764,319,T.Montgomery,WR,NE,veteran,9.9,1.414285714,0.345946644,0.421285764,0.730802558,0.595,6.333333333,
765,320,Z.Pascal,WR,NYG,veteran,5.9,0.655555556,0.345261498,0.369813298,0.350244849,0.47,12.33333333,150.5
766,144,C.Herndon,TE,MIN,veteran,14,2.8,0.342913174,0.396640462,0.705882353,0.735,5,
767,145,A.Rogers,TE,WAS,veteran,14,2.8,0.342771161,0.424072411,0.705882353,0.665,5,
768,99,D.Mills,QB,HOU,veteran,9.58,2.395,0.341076318,0.564132294,0.666316478,0.68,8,30.5
769,205,J.Ward,RB,NYG,veteran,9.7,1.616666667,0.340077285,0.360865288,0.647058824,0.47,6,110.5
770,321,D.Patmon,WR,IND,veteran,10.1,2.525,0.338126265,0.364841194,0.764705882,0.7,4,
771,206,A.Armah,RB,WAS,veteran,9.2,1.84,0.337042297,0.345056888,0.705882353,0.665,5,
772,207,K.Vaughn,RB,SF,veteran,6.4,1.28,0.337020006,0.444420184,0.699288837,0.785,5.333333333,90.5
773,208,T.Homer,RB,CHI,veteran,6.4,1.6,0.335921925,0.469890907,0.614117647,0.54,8,70.5
774,146,R.Griffin,TE,CHI,veteran,6.6,0.942857143,0.334408034,0.430305384,0.44349688,0.63,10.5,
775,100,T.Lance,QB,LAC,veteran,12.74,3.185,0.331529752,0.565525673,0.840999109,0.715,3,50.5
776,322,C.Jones,WR,CIN,2nd_year,7.5,3.75,0.331516192,0.546232836,0.882352941,0.75,2,90.5
777,323,T.Irwin,WR,JAX,veteran,4.5,1.125,0.330952065,0.50077446,0.600493464,0.68,7.666666667,90.5
778,147,D.Allen,TE,LA,2nd_year,9.9,1.65,0.330757243,0.50948965,0.647058824,0.54,6,70.5
779,324,C.Board,WR,TEN,veteran,9.7,2.425,0.330660128,0.369548075,0.764705882,0.665,4,
780,101,J.Haener,QB,NO,2nd_year,13.24,1.655,0.329881636,0.366029403,0.529411765,0.54,8,50.5
781,102,H.Hooker,QB,DET,2nd_year,2.68,0.893333333,0.328563588,0.8,0.823529412,0.75,3,30.5
782,325,M.Thomas,WR,CIN,veteran,7.8,1.95,0.327655271,0.335618332,0.702675134,0.84,5.5,
783,326,D.Gray,WR,SF,rookie,2.9,0.58,0.323808627,0.39609165,0.5,0.875,1,
784,209,M.Boone,RB,MIA,veteran,5.9,1.18,0.323695112,0.369744082,0.638477272,0.785,6.666666667,70.5
785,327,K.White,WR,NO,veteran,9.4,2.35,0.323613096,0.37078852,0.764705882,0.63,4,
786,148,W.Mallory,TE,IND,2nd_year,6.9,0.985714286,0.323484491,0.500850841,0.588235294,0.61,7,70.5
787,149,B.Hopkins,TE,LA,veteran,12.8,3.2,0.321756628,0.389652912,0.702675134,0.63,5.5,
788,210,K.Ballage,RB,PIT,veteran,6.4,0.8,0.32139456,0.280016741,0.529411765,0.7,8,
789,211,Z.Evans,RB,LA,rookie,1.9,0.475,0.320531771,0.526490722,0.5,0.63,11,
790,150,C.Woerner,TE,ATL,veteran,11.6,1.45,0.31952821,0.396402117,0.681998217,0.645,6,30.5
791,328,C.Hollister,WR,TEN,veteran,8.4,2.1,0.319136304,0.39030992,0.764705882,0.665,4,
792,329,J.Thrash,WR,CLE,rookie,5.2,0.866666667,0.317323284,0.385864563,0.5,0.54,12,50.5
793,103,B.Perkins,QB,CAR,veteran,15.44,3.088,0.316457125,0.421518521,0.705882353,0.47,5,63.5
794,151,N.Muse,TE,PHI,2nd_year,3.2,3.2,0.312234313,0.8,0.941176471,0.75,1,90.5
795,330,J.Camp,WR,HOU,2nd_year,1.7,1.7,0.310621849,0.8,0.941176471,0.77,1,
796,152,S.McKeon,TE,IND,veteran,12.7,3.175,0.308999117,0.399431171,0.764705882,0.61,4,110.5
797,331,P.Cooper,WR,ARI,veteran,7.6,1.266666667,0.308300702,0.307992724,0.647058824,0.63,6,
798,332,D.Thompkins,WR,CAR,veteran,6.7,1.675,0.307446029,0.40291695,0.677130327,0.56,6,
799,104,J.Driskel,QB,CLE,veteran,13.94,13.94,0.30626218,0.446626637,0.817114973,0.63,4,
800,333,C.Blake,WR,ATL,veteran,6.5,1.083333333,0.306102955,0.313773163,0.647058824,0.735,6,
801,153,J.Stoll,TE,NO,veteran,8.8,1.76,0.302825636,0.413676623,0.623174688,0.54,7,70.5
802,154,J.FitzPatrick,TE,GB,2nd_year,2.2,2.2,0.30077506,0.8,0.941176471,0.715,1,70.5
803,105,B.Hoyer,QB,LV,veteran,12.28,2.456,0.298270521,0.370938561,0.705882353,0.63,5,
804,106,B.Allen,QB,TEN,veteran,13.86,2.772,0.29826516,0.349833889,0.705882353,0.575,5,30.5
805,334,J.Harris,WR,TB,2nd_year,1.6,1.6,0.296836134,0.8,0.941176471,0.645,1,190.5
806,212,R.Ali,RB,BAL,rookie,3.1,0.775,0.294345023,0.322289185,0.5,0.715,5,70.5
807,155,K.Kieft,TE,TB,2nd_year,7.2,2.4,0.294119604,0.548075487,0.823529412,0.645,3,50.5
808,213,L.Rountree,RB,LAC,2nd_year,5.3,2.65,0.29046812,0.456663922,0.882352941,0.805,2,
809,156,C.Manhertz,TE,NYG,veteran,12,3,0.288944768,0.35901118,0.726595258,0.49,5.5,
810,157,C.Grandy,TE,CIN,veteran,7.8,1.95,0.287124754,0.411935059,0.764705882,0.75,4,130.5
811,107,C.Tune,QB,ARI,rookie,7.48,1.246666667,0.286926286,0.327741503,0.5,0.54,9,50.5
812,158,B.Sims,TE,GB,veteran,8.2,2.05,0.2839605,0.367460171,0.72335205,0.715,5,50.5
813,335,R.Bell,WR,DET,2nd_year,4.2,1.4,0.283487763,0.476774582,0.823529412,0.75,3,150.5
814,108,K.Trask,QB,TB,2nd_year,0.92,0.92,0.282536315,0.8,0.941176471,0.645,1,30.5
815,336,J.Darden,WR,CLE,2nd_year,4.8,1.6,0.282300282,0.489167515,0.823529412,0.63,3,
816,337,M.Kemp,WR,KC,veteran,4.4,0.88,0.281948691,0.302214934,0.705882353,0.91,5,
817,214,D.Felton,RB,WAS,2nd_year,2.4,0.6,0.270823948,0.534151406,0.764705882,0.575,4,110.5
818,109,T.McSorley,QB,ARI,veteran,8.58,1.716,0.266910712,0.346390435,0.705882353,0.63,5,
819,159,G.Dulcich,TE,NYG,2nd_year,5.5,2.75,0.266156562,0.635405055,0.882352941,0.4,2,90.5
820,160,T.Quitoriano,TE,ATL,2nd_year,5.3,1.766666667,0.263610467,0.486529255,0.823529412,0.645,3,50.5
821,161,E.Tomlinson,TE,LAC,veteran,2.9,0.725,0.262422326,0.380960552,0.681998217,0.805,6,
822,338,J.Baker,WR,NE,rookie,2.2,0.55,0.262119048,0.333333333,0.5,0.505,5,170.5
823,162,S.Anderson,TE,ARI,veteran,3.9,0.78,0.261895388,0.350873906,0.581820856,0.595,8,
824,215,T.Davis-Price,RB,GB,2nd_year,2.1,2.1,0.257783105,0.583528142,0.941176471,0.715,1,130.5
825,216,K.Hill,RB,GB,2nd_year,0.7,0.7,0.256367985,0.618231298,0.941176471,0.805,1,
826,110,M.White,QB,BUF,veteran,2.06,0.343333333,0.254237607,0.419876057,0.733871791,0.82,4.666666667,50.5
827,163,K.Blanton,TE,LA,veteran,7.7,1.925,0.2542113,0.331464941,0.764705882,0.63,4,
828,339,T.Johnson,WR,HOU,veteran,3.6,0.9,0.251451513,0.324427899,0.764705882,0.77,4,
829,340,M.Boykin,WR,CHI,veteran,4.7,1.175,0.251444006,0.359826444,0.764705882,0.54,4,110.5
830,164,T.Wesco,TE,TEN,veteran,6.6,1.65,0.251056419,0.339866125,0.764705882,0.665,4,
831,165,J.Mitchell,TE,CAR,2nd_year,4.8,2.4,0.250414418,0.594722384,0.882352941,0.4,2,70.5
832,111,N.Mullens,QB,JAX,veteran,1.32,0.33,0.249923187,0.491130234,0.749288837,0.68,4.333333333,30.5
833,166,T.Hudson,TE,TEN,veteran,6.1,1.525,0.249306244,0.348783933,0.764705882,0.665,4,
834,112,B.Gabbert,QB,KC,veteran,1.98,0.33,0.241462108,0.265505116,0.647058824,0.91,6,
835,217,M.Sargent,RB,JAX,veteran,1.1,0.275,0.238764708,0.398823537,0.764705882,0.77,4,
836,167,T.Davis,TE,NE,veteran,6.6,1.32,0.233654688,0.31771767,0.744028966,0.505,4.5,110
837,341,R.McMath,WR,TEN,2nd_year,6.4,1.6,0.228023421,0.128715532,0.764705882,0.665,4,
838,113,C.Henne,QB,KC,veteran,3.28,0.82,0.22546615,0.260190704,0.764705882,0.91,4,
839,342,T.Scott,WR,CHI,2nd_year,1.5,1.5,0.224234499,0.556736315,0.941176471,0.54,1,130.5
840,114,J.Johnson,QB,WAS,veteran,0.78,0.195,0.217562761,0.430746813,0.764705882,0.575,4,50.5
841,168,D.Dafney,TE,CAR,veteran,5.4,1.35,0.208964525,0.315702961,0.764705882,0.4,4,110.5
842,343,D.Spencer,WR,DEN,veteran,0.7,0.175,0.194392157,0.273333333,0.764705882,0.7,4,
